id,utr_id,gross_amount_paise,net_payout_paise,payout_date,created_at
a1148254-f7bf-449f-9c4b-21eecf8fd6d8,UTR202608000001RZP,27515600,26931168,2026-08-02T20:00:00+00:00,2026-08-02T20:00:00+00:00
3a3fbb83-2900-4490-aa59-1bf67d9aad39,UTR202608000002RZP,23915100,23407143,2026-08-03T12:00:00+00:00,2026-08-03T12:00:00+00:00
6c736bf6-31e8-4cf9-9b99-eb549aef518b,UTR202608000003RZP,24323500,23806869,2026-08-04T10:00:00+00:00,2026-08-04T10:00:00+00:00
36a7544e-5083-4159-ba84-a2ac881b2d52,UTR202608000004RZP,27939900,26194357,2026-08-05T13:00:00+00:00,2026-08-05T13:00:00+00:00
eefff52d-118f-4b0c-8a6f-be6c2fcd3fea,UTR202608000005RZP,24327600,23810882,2026-08-06T21:00:00+00:00,2026-08-06T21:00:00+00:00
27beff02-48df-4db9-bd6d-18cbb248ef45,UTR202608000006RZP,29056600,28439438,2026-08-07T13:00:00+00:00,2026-08-07T13:00:00+00:00
51a523bb-ae22-437c-9995-02788e67a0ad,UTR202608000007RZP,28739100,28128681,2026-08-08T15:00:00+00:00,2026-08-08T15:00:00+00:00
29190e63-5dc6-40bf-bbd7-76a0bd83ad47,UTR202608000008RZP,27253100,26674244,2026-08-09T18:00:00+00:00,2026-08-09T18:00:00+00:00
605e7873-5612-4182-9557-e95b30d180f0,UTR202608000009RZP,29218900,28598291,2026-08-10T18:00:00+00:00,2026-08-10T18:00:00+00:00
46e98a88-6b97-443a-9611-6545425fbc65,UTR202608000010RZP,28166300,27568048,2026-08-11T18:00:00+00:00,2026-08-11T18:00:00+00:00
0087125e-1ad9-465a-98a1-1f30ab410d3d,UTR202608000011RZP,31206400,30543576,2026-08-12T10:00:00+00:00,2026-08-12T10:00:00+00:00
6bf54b1b-a605-444c-a70d-5881617475fe,UTR202608000012RZP,27128800,26552585,2026-08-13T19:00:00+00:00,2026-08-13T19:00:00+00:00
905e0f96-0b19-4083-bc4b-365061bf6bce,UTR202608000013RZP,30637500,29772296,2026-08-14T17:00:00+00:00,2026-08-14T17:00:00+00:00
33e20d99-d030-4591-95e5-b4c6f0d9c53d,UTR202608000014RZP,26609400,25703932,2026-08-15T12:00:00+00:00,2026-08-15T12:00:00+00:00
ec7ccdaa-1c41-4b96-88d2-964036bbeab1,UTR202608000015RZP,27916600,27323651,2026-08-16T13:00:00+00:00,2026-08-16T13:00:00+00:00
1a44d091-315f-4274-ac79-5aa06c22d116,UTR202608000016RZP,19579000,18290364,2026-08-17T14:00:00+00:00,2026-08-17T14:00:00+00:00
c709975a-bdd1-456c-aef9-b0a2c3d70089,UTR202608000017RZP,29464000,27709850,2026-08-18T20:00:00+00:00,2026-08-18T20:00:00+00:00
84837464-6c15-420e-be5f-bfd00b174b3e,UTR202608000018RZP,29343300,28720049,2026-08-19T20:00:00+00:00,2026-08-19T20:00:00+00:00
32f24fd2-cbb7-433a-a876-8fb086614c7e,UTR202608000019RZP,28831700,28219314,2026-08-20T16:00:00+00:00,2026-08-20T16:00:00+00:00
a27618e4-ca67-4f37-bc7e-8c9b6484af1d,UTR202608000020RZP,23789600,23284309,2026-08-21T17:00:00+00:00,2026-08-21T17:00:00+00:00
5d9afdd9-808f-4dc1-b51f-2837644f53f3,UTR202608000021RZP,27870800,27278825,2026-08-22T14:00:00+00:00,2026-08-22T14:00:00+00:00
f89cbfe3-9eaa-421b-9d11-4247fbef4153,UTR202608000022RZP,25328000,24790033,2026-08-23T19:00:00+00:00,2026-08-23T19:00:00+00:00
95321a0f-d353-4fb8-a5a7-32a6cf114205,UTR202608000023RZP,33670200,32955044,2026-08-24T14:00:00+00:00,2026-08-24T14:00:00+00:00
d881edfd-2c1b-4c0c-9d5b-5ee5b79fc2aa,UTR202608000024RZP,24755600,24229791,2026-08-25T20:00:00+00:00,2026-08-25T20:00:00+00:00
472228d5-c457-43f5-8edd-f1c6cde95ed2,UTR202608000025RZP,27575500,26989796,2026-08-26T18:00:00+00:00,2026-08-26T18:00:00+00:00
067ab266-d1f6-4ec9-a9f8-fe0878c1855f,UTR202608000026RZP,26528600,25965132,2026-08-27T15:00:00+00:00,2026-08-27T15:00:00+00:00
86a5adf6-72d6-4636-9735-56d4bc0772a8,UTR202608000027RZP,33697100,32981373,2026-08-28T18:00:00+00:00,2026-08-28T18:00:00+00:00
0b72be01-089f-4e9f-ba95-049e0fe67302,UTR202608000028RZP,33137600,32433757,2026-08-29T21:00:00+00:00,2026-08-29T21:00:00+00:00
182db813-0a39-428c-bbe1-56af9b9f664c,UTR202608000029RZP,25233800,24697835,2026-08-02T10:00:00+00:00,2026-08-02T10:00:00+00:00
5e3a552b-f9ca-4031-a7bc-44c7006554d0,UTR202608000030RZP,24543700,24022391,2026-08-03T20:00:00+00:00,2026-08-03T20:00:00+00:00
22f8da86-cdb3-4bb6-a04a-58c16ef90cf7,UTR202608000031RZP,24303300,23787098,2026-08-04T18:00:00+00:00,2026-08-04T18:00:00+00:00
320f2bd2-649b-4f48-b7d9-ef7fa969bdbf,UTR202608000032RZP,23111300,22620416,2026-08-05T13:00:00+00:00,2026-08-05T13:00:00+00:00
b61946cb-f3e3-4221-a0e0-85dfa842fb6b,UTR202608000033RZP,25784600,25236935,2026-08-06T16:00:00+00:00,2026-08-06T16:00:00+00:00
403d5279-5a1b-4272-afc7-07dc0adb6151,UTR202608000034RZP,26479200,25916781,2026-08-07T20:00:00+00:00,2026-08-07T20:00:00+00:00
25248739-3a41-4b70-92f0-cc20759ce8a5,UTR202608000035RZP,24854500,24326590,2026-08-08T17:00:00+00:00,2026-08-08T17:00:00+00:00
2f636dae-c09e-4b7c-b6b5-a8ba3bfcf55f,UTR202608000036RZP,32961900,32261789,2026-08-09T13:00:00+00:00,2026-08-09T13:00:00+00:00
c318a139-0186-4b5e-b049-fb364b8c58f2,UTR202608000037RZP,21368200,20914339,2026-08-10T10:00:00+00:00,2026-08-10T10:00:00+00:00
9c6022cb-10a2-4e1f-974d-324001de9b99,UTR202608000038RZP,26552800,25988819,2026-08-11T17:00:00+00:00,2026-08-11T17:00:00+00:00
de17a59a-84a6-4746-a6fa-edbe1c8a9a5a,UTR202608000039RZP,27139900,26563449,2026-08-12T12:00:00+00:00,2026-08-12T12:00:00+00:00
b3f8b561-da50-4af4-890f-5a4d8e2b51a8,UTR202608000040RZP,34900700,34159409,2026-08-13T16:00:00+00:00,2026-08-13T16:00:00+00:00
ab0cb38b-2fbb-4748-9a8d-5510785e5e2f,UTR202608000041RZP,26042300,25489162,2026-08-14T20:00:00+00:00,2026-08-14T20:00:00+00:00
c8923710-a055-403d-9855-a45e8311f9c5,UTR202608000042RZP,26842600,26272463,2026-08-15T15:00:00+00:00,2026-08-15T15:00:00+00:00
d6700927-bfbd-4ed5-a0ad-69941066911d,UTR202608000043RZP,19597400,19181151,2026-08-16T17:00:00+00:00,2026-08-16T17:00:00+00:00
0334d866-7c42-4376-9c92-8e4a66ebaaaa,UTR202608000044RZP,28913000,28298888,2026-08-17T10:00:00+00:00,2026-08-17T10:00:00+00:00
11623bf2-ebb8-49a7-a1b3-a63535c97fce,UTR202608000045RZP,23088400,22556444,2026-08-18T11:00:00+00:00,2026-08-18T11:00:00+00:00
c814b314-b72e-4f7e-9f09-ecc063572f2f,UTR202608000046RZP,21897000,21431908,2026-08-19T16:00:00+00:00,2026-08-19T16:00:00+00:00
3b46d22e-1218-4bc3-b022-785af24a55ea,UTR202608000047RZP,20926800,20482315,2026-08-20T19:00:00+00:00,2026-08-20T19:00:00+00:00
9bffb24e-0365-4982-ba02-d660e779d44f,UTR202608000048RZP,21026900,19506929,2026-08-21T12:00:00+00:00,2026-08-21T12:00:00+00:00
9d530379-f9f8-45b9-9a64-84c1fb6917ac,UTR202608000049RZP,28462000,27857467,2026-08-22T15:00:00+00:00,2026-08-22T15:00:00+00:00
2d1ecff9-059e-46e1-83f4-cb6335f0cc67,UTR202608000050RZP,20767200,20326104,2026-08-23T13:00:00+00:00,2026-08-23T13:00:00+00:00
da7f09fa-fba3-42aa-82ff-12d9cefee195,UTR202608000051RZP,26913200,26341563,2026-08-24T15:00:00+00:00,2026-08-24T15:00:00+00:00
ff858914-382f-4f21-a84e-de4bbae84e59,UTR202608000052RZP,24602400,24079845,2026-08-25T20:00:00+00:00,2026-08-25T20:00:00+00:00
a1726772-d0be-4e1a-9726-77236decfee0,UTR202608000053RZP,27970400,27180516,2026-08-26T16:00:00+00:00,2026-08-26T16:00:00+00:00
23091b3a-af1d-45c9-adfc-99784ff8ac34,UTR202608000054RZP,24898900,24370048,2026-08-27T12:00:00+00:00,2026-08-27T12:00:00+00:00
3b2d9085-9210-4a91-ba78-7dd8509c1768,UTR202608000055RZP,21361100,20907390,2026-08-28T18:00:00+00:00,2026-08-28T18:00:00+00:00
a666175a-2f50-4aa9-852a-eae1c7594b77,UTR202608000056RZP,25995300,25443160,2026-08-29T20:00:00+00:00,2026-08-29T20:00:00+00:00
7725bc97-07b2-4a4b-a37b-17d1a8f9fae5,UTR202608000057RZP,26579700,26015147,2026-08-02T17:00:00+00:00,2026-08-02T17:00:00+00:00
79d21849-efe9-4030-a6d8-7d7cf8e8eaa1,UTR202608000058RZP,25224000,24511674,2026-08-03T14:00:00+00:00,2026-08-03T14:00:00+00:00
41f00047-cd07-479b-bfa9-31d06679d8b7,UTR202608000059RZP,24627700,24104607,2026-08-04T11:00:00+00:00,2026-08-04T11:00:00+00:00
1062b269-89b9-4101-b962-fc2fb467d795,UTR202608000060RZP,23528500,23028755,2026-08-05T10:00:00+00:00,2026-08-05T10:00:00+00:00
2f978057-ee2a-4d7b-b989-c51ca59703ab,UTR202608000061RZP,29073900,28456371,2026-08-06T17:00:00+00:00,2026-08-06T17:00:00+00:00
2960fa3d-ae50-4d86-b1c0-c5f9a61e5f89,UTR202608000062RZP,23096800,22606224,2026-08-07T19:00:00+00:00,2026-08-07T19:00:00+00:00
6238be07-132d-4d6b-b7be-0cb13de775db,UTR202608000063RZP,29668600,29038439,2026-08-08T11:00:00+00:00,2026-08-08T11:00:00+00:00
1f8e0ac3-e19c-4ad4-b6ec-75ed8a26cdad,UTR202608000064RZP,27216400,26638324,2026-08-09T20:00:00+00:00,2026-08-09T20:00:00+00:00
43c2018e-b70b-4014-a6e8-1d663daa9acc,UTR202608000065RZP,27584400,26998508,2026-08-10T20:00:00+00:00,2026-08-10T20:00:00+00:00
45577543-2257-423f-af33-25e0ee31adc6,UTR202608000066RZP,25653500,25108620,2026-08-11T20:00:00+00:00,2026-08-11T20:00:00+00:00
3a871f1f-d327-45bc-9a31-e74a16c17b0f,UTR202608000067RZP,28052400,27456567,2026-08-12T20:00:00+00:00,2026-08-12T20:00:00+00:00
52812b98-0fe8-4f92-8367-a76a493909b1,UTR202608000068RZP,29602900,28974135,2026-08-13T19:00:00+00:00,2026-08-13T19:00:00+00:00
248208b6-9ded-4e16-90a7-e26521b57af0,UTR202608000069RZP,25847600,25298597,2026-08-14T13:00:00+00:00,2026-08-14T13:00:00+00:00
e9ba848a-dce0-46b3-8f67-f910ed77a29a,UTR202608000070RZP,25979800,25427990,2026-08-15T17:00:00+00:00,2026-08-15T17:00:00+00:00
378c7f49-2bae-45f4-a7ef-5984dc367a23,UTR202608000071RZP,29755700,29123688,2026-08-16T18:00:00+00:00,2026-08-16T18:00:00+00:00
23fc6716-753a-45b8-a533-3af7f44bae56,UTR202608000072RZP,32893300,31964394,2026-08-17T15:00:00+00:00,2026-08-17T15:00:00+00:00
8415804a-d4cb-47d2-af4d-4c3ab12c7815,UTR202608000073RZP,26921400,26349590,2026-08-18T19:00:00+00:00,2026-08-18T19:00:00+00:00
5a1722fd-91da-40fa-83f6-c9d51d08897f,UTR202608000074RZP,29886700,29251906,2026-08-19T13:00:00+00:00,2026-08-19T13:00:00+00:00
412061c0-33cd-48f6-9aff-56a84ea73aa1,UTR202608000075RZP,26530100,25966600,2026-08-20T19:00:00+00:00,2026-08-20T19:00:00+00:00
32edbe92-6e5d-4ff5-86e3-72c64f025f86,UTR202608000076RZP,29299300,28676983,2026-08-21T12:00:00+00:00,2026-08-21T12:00:00+00:00
dc1e6332-fbfc-4169-837b-0a9fe71bbbef,UTR202608000077RZP,24161800,23648604,2026-08-22T14:00:00+00:00,2026-08-22T14:00:00+00:00
96adf671-357a-44fb-87f5-635ba71a2e74,UTR202608000078RZP,22782800,22298894,2026-08-23T15:00:00+00:00,2026-08-23T15:00:00+00:00
1e273d09-424e-4037-8baf-07bb33e6e98a,UTR202608000079RZP,27619000,27032372,2026-08-24T17:00:00+00:00,2026-08-24T17:00:00+00:00
ac475d84-2d95-49fc-99f2-3315a1ec1ca1,UTR202608000080RZP,25391700,24852380,2026-08-25T15:00:00+00:00,2026-08-25T15:00:00+00:00
a3a2b438-502a-45dd-8ea8-21cb689c3784,UTR202608000081RZP,21540800,21083274,2026-08-26T10:00:00+00:00,2026-08-26T10:00:00+00:00
e99a61c8-8ca0-439c-8c15-86b8c3d0c42e,UTR202608000082RZP,35668500,34910901,2026-08-27T11:00:00+00:00,2026-08-27T11:00:00+00:00
a0ccda7d-a634-419d-aee6-27ae4ffce74d,UTR202608000083RZP,19014400,18610534,2026-08-28T21:00:00+00:00,2026-08-28T21:00:00+00:00
f5e1e065-9668-40df-a26d-026e0aec1563,UTR202608000084RZP,22017900,21550240,2026-08-29T19:00:00+00:00,2026-08-29T19:00:00+00:00
5859cda2-dd22-4518-b0a8-93fc3ff3bee3,UTR202608000085RZP,28762400,28151487,2026-08-02T13:00:00+00:00,2026-08-02T13:00:00+00:00
f16b18d1-ea35-4e20-b98a-a8a98534abb2,UTR202608000086RZP,26081600,25527627,2026-08-03T11:00:00+00:00,2026-08-03T11:00:00+00:00
ffa8c947-8064-4061-a77c-7a68f926a4e9,UTR202608000087RZP,24911100,24381988,2026-08-04T20:00:00+00:00,2026-08-04T20:00:00+00:00
68e47a8d-2391-40b4-b191-f2219f9d4b89,UTR202608000088RZP,20955200,20510111,2026-08-05T10:00:00+00:00,2026-08-05T10:00:00+00:00
de2ac131-005c-475f-a791-cc19a70a4eb8,UTR202608000089RZP,25944800,25393733,2026-08-06T17:00:00+00:00,2026-08-06T17:00:00+00:00
2f44518c-7175-4563-8197-ad1370c80828,UTR202608000090RZP,28270000,27669545,2026-08-07T19:00:00+00:00,2026-08-07T19:00:00+00:00
7c0d5ba1-9d78-4eda-a5e0-2f0392e41c05,UTR202608000091RZP,25076600,24543973,2026-08-08T21:00:00+00:00,2026-08-08T21:00:00+00:00
6a388f49-5acd-4556-8182-0130b74f29ff,UTR202608000092RZP,23308100,22813036,2026-08-09T17:00:00+00:00,2026-08-09T17:00:00+00:00
4fdc5367-d898-4880-9d11-2c073d00148e,UTR202608000093RZP,27771500,27181633,2026-08-10T17:00:00+00:00,2026-08-10T17:00:00+00:00
842668a9-d2c3-4831-9664-5a5a47543849,UTR202608000094RZP,22463700,21986571,2026-08-11T12:00:00+00:00,2026-08-11T12:00:00+00:00
2fa1c51a-44d3-4506-9bd6-77c29db279ad,UTR202608000095RZP,27159700,26582827,2026-08-12T21:00:00+00:00,2026-08-12T21:00:00+00:00
907531a3-c891-4ca8-8f74-18864664ddaa,UTR202608000096RZP,27587900,27001933,2026-08-13T15:00:00+00:00,2026-08-13T15:00:00+00:00
3b507d78-9bd1-470c-8749-0dba236f10f7,UTR202608000097RZP,30406500,29760666,2026-08-14T18:00:00+00:00,2026-08-14T18:00:00+00:00
9e512952-2d1b-4fe9-8f2b-9773dfd977ca,UTR202608000098RZP,29319500,28696754,2026-08-15T17:00:00+00:00,2026-08-15T17:00:00+00:00
162011b2-ef42-4c1f-9167-5e34960a3fd3,UTR202608000099RZP,24145200,23632355,2026-08-16T18:00:00+00:00,2026-08-16T18:00:00+00:00
3cb17ff4-bc65-4e23-acd2-031e1ecbe96b,UTR202608000100RZP,25381500,24842397,2026-08-17T14:00:00+00:00,2026-08-17T14:00:00+00:00
ac18f74b-740d-4cd3-9fe8-ef5cd0895157,UTR202608000101RZP,26898000,26326686,2026-08-18T17:00:00+00:00,2026-08-18T17:00:00+00:00
a6e51587-2310-441c-aa8f-de3e204c8f99,UTR202608000102RZP,24818900,24205730,2026-08-19T11:00:00+00:00,2026-08-19T11:00:00+00:00
1a94dabf-4ec7-4427-82fa-08d12e3dbb67,UTR202608000103RZP,23996500,23486814,2026-08-20T11:00:00+00:00,2026-08-20T11:00:00+00:00
6d8d1275-4dfa-4078-aec9-b51ef6bec04b,UTR202608000104RZP,27618400,27031785,2026-08-21T11:00:00+00:00,2026-08-21T11:00:00+00:00
47d8f976-a2cd-43f7-8cf9-8c5d4b3e2197,UTR202608000105RZP,25978200,25426423,2026-08-22T21:00:00+00:00,2026-08-22T21:00:00+00:00
87390563-5072-411e-a75e-ab56f8f25eca,UTR202608000106RZP,29744700,29112922,2026-08-23T10:00:00+00:00,2026-08-23T10:00:00+00:00
e8869d55-f584-4b1d-bde5-7ce17e97fa45,UTR202608000107RZP,25494700,24953192,2026-08-24T11:00:00+00:00,2026-08-24T11:00:00+00:00
e4883a60-1f21-4ef4-8b06-084d3bf9d64f,UTR202608000108RZP,25267400,24730721,2026-08-25T11:00:00+00:00,2026-08-25T11:00:00+00:00
8bb7a764-b7a4-47b8-b692-a3d711ec5d7e,UTR202608000109RZP,24604000,24081411,2026-08-26T20:00:00+00:00,2026-08-26T20:00:00+00:00
ab0c3c09-e322-4d2f-9e5f-cf4e5430aea6,UTR202608000110RZP,25107000,24573727,2026-08-27T21:00:00+00:00,2026-08-27T21:00:00+00:00
c95f5b37-78a9-4749-ad50-f9290dd6692a,UTR202608000111RZP,21531600,21074269,2026-08-28T11:00:00+00:00,2026-08-28T11:00:00+00:00
d720c64f-611c-4f09-8378-13b70c6eaca4,UTR202608000112RZP,30276200,29526135,2026-08-29T14:00:00+00:00,2026-08-29T14:00:00+00:00
c6bbac3c-9e04-4c3c-a261-6a1a70664e1d,UTR202608000113RZP,28032300,26640248,2026-08-02T14:00:00+00:00,2026-08-02T14:00:00+00:00
808c3845-1b3d-46a3-ab72-b391c5a8258e,UTR202608000114RZP,27945400,27351840,2026-08-03T21:00:00+00:00,2026-08-03T21:00:00+00:00
4620228b-ca24-4d66-bfe6-591eeb19b13d,UTR202608000115RZP,28522000,27716539,2026-08-04T16:00:00+00:00,2026-08-04T16:00:00+00:00
3ae9f223-8e1d-42c6-ac60-1af71bac2a02,UTR202608000116RZP,33554300,32841607,2026-08-05T17:00:00+00:00,2026-08-05T17:00:00+00:00
1fdae7a3-8a41-40c2-806e-4182607e8a1c,UTR202608000117RZP,16539400,16188103,2026-08-06T12:00:00+00:00,2026-08-06T12:00:00+00:00
b40295c9-b774-4c04-852b-5e98595128b4,UTR202608000118RZP,21013900,20567565,2026-08-07T19:00:00+00:00,2026-08-07T19:00:00+00:00
03a007af-5124-4f1b-a399-0b1ef3a73102,UTR202608000119RZP,25142600,24608571,2026-08-08T13:00:00+00:00,2026-08-08T13:00:00+00:00
acea2447-08c3-4d7f-9f1b-c06756814136,UTR202608000120RZP,27422800,25710988,2026-08-09T20:00:00+00:00,2026-08-09T20:00:00+00:00
926d2239-a413-4fa7-bb0e-0a1fdbda1f09,UTR202608000121RZP,23426000,22928432,2026-08-10T15:00:00+00:00,2026-08-10T15:00:00+00:00
a870b1f0-1d76-4e54-a49e-64fa61dd5608,UTR202608000122RZP,27286000,26706445,2026-08-11T12:00:00+00:00,2026-08-11T12:00:00+00:00
4a292605-82cc-498a-ad76-5c527fd3d0f4,UTR202608000123RZP,29353900,28730423,2026-08-12T21:00:00+00:00,2026-08-12T21:00:00+00:00
2fc6a23a-3307-49e8-9c43-a981e9685d93,UTR202608000124RZP,27228700,26650362,2026-08-13T10:00:00+00:00,2026-08-13T10:00:00+00:00
ea9d0ff7-349a-4d8e-aee1-59a303438ef6,UTR202608000125RZP,25760300,25213152,2026-08-14T10:00:00+00:00,2026-08-14T10:00:00+00:00
da4bbb6d-96df-40df-adc5-4f79467007db,UTR202608000126RZP,26545500,25795855,2026-08-15T21:00:00+00:00,2026-08-15T21:00:00+00:00
cb303f8e-32ae-4f17-9748-664c28c51c89,UTR202608000127RZP,22824700,22339903,2026-08-16T14:00:00+00:00,2026-08-16T14:00:00+00:00
46868c7c-7727-4255-8f84-8235180a6993,UTR202608000128RZP,31518300,30848852,2026-08-17T16:00:00+00:00,2026-08-17T16:00:00+00:00
10494ed2-5e88-4a6e-a830-4d2ff83ae2e4,UTR202608000129RZP,27255500,26676593,2026-08-18T14:00:00+00:00,2026-08-18T14:00:00+00:00
85b93f09-97fb-48ca-8112-18bd164bccbe,UTR202608000130RZP,26195700,25639303,2026-08-19T21:00:00+00:00,2026-08-19T21:00:00+00:00
95900655-155c-4792-bd13-c719107ae42e,UTR202608000131RZP,30948500,30291154,2026-08-20T14:00:00+00:00,2026-08-20T14:00:00+00:00
1710c54f-a8d8-4237-9c8b-91721b7d30d6,UTR202608000132RZP,21718200,21256905,2026-08-21T10:00:00+00:00,2026-08-21T10:00:00+00:00
e48501d7-704a-4da4-b97f-8ea0c99b3486,UTR202608000133RZP,29642400,29012796,2026-08-22T18:00:00+00:00,2026-08-22T18:00:00+00:00
fbd8e0fd-f70b-44a7-88b7-4e27ecc165aa,UTR202608000134RZP,29295900,28673655,2026-08-23T15:00:00+00:00,2026-08-23T15:00:00+00:00
8f45308e-2939-43ec-b151-57695dde8de2,UTR202608000135RZP,23789600,23284309,2026-08-24T13:00:00+00:00,2026-08-24T13:00:00+00:00
76356762-0993-4532-a332-7579bc02f9be,UTR202608000136RZP,29721600,29090313,2026-08-25T16:00:00+00:00,2026-08-25T16:00:00+00:00
d64e8077-8e09-47a6-bae9-9c2dea901d03,UTR202608000137RZP,26131400,25576369,2026-08-26T19:00:00+00:00,2026-08-26T19:00:00+00:00
99183916-5e37-4951-a737-1e16b6cfa6ba,UTR202608000138RZP,18887300,18486134,2026-08-27T13:00:00+00:00,2026-08-27T13:00:00+00:00
d8c7433d-bc88-47ae-822c-74fc323f7b15,UTR202608000139RZP,25985600,25433666,2026-08-28T12:00:00+00:00,2026-08-28T12:00:00+00:00
d5febdbe-a516-47a1-8c8d-1886e0548a14,UTR202608000140RZP,25444700,24904254,2026-08-29T15:00:00+00:00,2026-08-29T15:00:00+00:00
dafd1a14-6e42-409c-9b7e-ff39dff0573e,UTR202608000141RZP,27957000,27167494,2026-08-02T19:00:00+00:00,2026-08-02T19:00:00+00:00
ede730d5-5953-4ba6-b235-376b49d839d8,UTR202608000142RZP,23077300,22587139,2026-08-03T14:00:00+00:00,2026-08-03T14:00:00+00:00
6ff5bec2-3619-4440-be93-48e747c472bd,UTR202608000143RZP,32266000,30023659,2026-08-04T17:00:00+00:00,2026-08-04T17:00:00+00:00
61d8d478-90e6-44c4-b5a7-2cef679f3cb4,UTR202608000144RZP,28144000,27546221,2026-08-05T12:00:00+00:00,2026-08-05T12:00:00+00:00
9900282b-42db-42d1-a843-acb2246d54e1,UTR202608000145RZP,26975100,26402149,2026-08-06T15:00:00+00:00,2026-08-06T15:00:00+00:00
2729b77e-d40d-40b7-a4d5-b98eeab4fe36,UTR202608000146RZP,30819700,30165089,2026-08-07T13:00:00+00:00,2026-08-07T13:00:00+00:00
57d86dc3-e464-4d22-a77e-bc7808ec1777,UTR202608000147RZP,26448100,25886342,2026-08-08T16:00:00+00:00,2026-08-08T16:00:00+00:00
21ab85b1-25cc-4713-a4de-4f6374e0c9a7,UTR202608000148RZP,30398800,29753130,2026-08-09T15:00:00+00:00,2026-08-09T15:00:00+00:00
dae75b7e-69ee-4aeb-b39d-26c6dfa385cd,UTR202608000149RZP,21425900,20970814,2026-08-10T16:00:00+00:00,2026-08-10T16:00:00+00:00
c6062e9f-5042-4619-b074-9c378073d6cc,UTR202608000150RZP,26575400,26010939,2026-08-11T16:00:00+00:00,2026-08-11T16:00:00+00:00
b0b560d0-c947-496d-9494-05a22d88de65,UTR202608000151RZP,26844900,26274715,2026-08-12T17:00:00+00:00,2026-08-12T17:00:00+00:00
9e286416-887e-46c8-81a8-0858aeb7891e,UTR202608000152RZP,27446300,26863341,2026-08-13T16:00:00+00:00,2026-08-13T16:00:00+00:00
3a449e9d-d4fa-4b6c-b91d-2b6131adb32b,UTR202608000153RZP,29922100,29286554,2026-08-14T15:00:00+00:00,2026-08-14T15:00:00+00:00
6422c1b1-4b1b-4573-a34c-7d1eb24b5d5a,UTR202608000154RZP,27279900,26700475,2026-08-15T20:00:00+00:00,2026-08-15T20:00:00+00:00
b8963f14-19cd-4ffa-b4b2-eef79cb7e1fa,UTR202608000155RZP,18094000,17709683,2026-08-16T20:00:00+00:00,2026-08-16T20:00:00+00:00
42cbc5df-fd06-4752-ae98-19a089bb2f56,UTR202608000156RZP,26688400,26121539,2026-08-17T20:00:00+00:00,2026-08-17T20:00:00+00:00
e906e6b2-600f-4166-b171-78e572a57bfc,UTR202608000157RZP,29173200,28553561,2026-08-18T12:00:00+00:00,2026-08-18T12:00:00+00:00
c50af8f6-a510-4e4f-a4d3-0fedd9734dbf,UTR202608000158RZP,25840000,25291158,2026-08-19T19:00:00+00:00,2026-08-19T19:00:00+00:00
540f53d8-18d7-4d3d-9bf9-0e0584293ca9,UTR202608000159RZP,23386800,22890065,2026-08-20T16:00:00+00:00,2026-08-20T16:00:00+00:00
e19089e8-6349-4e54-9ccd-94e6142554d5,UTR202608000160RZP,23957300,23448447,2026-08-21T14:00:00+00:00,2026-08-21T14:00:00+00:00
97ff8570-744b-444b-9166-515bad945c91,UTR202608000161RZP,31915000,31237125,2026-08-22T20:00:00+00:00,2026-08-22T20:00:00+00:00
319dbffd-8df8-4362-a91e-0483a93fb3f7,UTR202608000162RZP,23267900,22773690,2026-08-23T17:00:00+00:00,2026-08-23T17:00:00+00:00
2c0dc443-20f8-48b3-8157-ff0c1fa7820a,UTR202608000163RZP,26850700,26280391,2026-08-24T21:00:00+00:00,2026-08-24T21:00:00+00:00
96ea6850-17fe-4a97-a5df-68a5369adee4,UTR202608000164RZP,22634200,22153449,2026-08-25T11:00:00+00:00,2026-08-25T11:00:00+00:00
6383f7aa-213c-4b35-95bd-f63e521bb9ba,UTR202608000165RZP,31463100,30794824,2026-08-26T10:00:00+00:00,2026-08-26T10:00:00+00:00
b53ad247-865b-45e4-a724-7f1961da4c1a,UTR202608000166RZP,25811200,25262970,2026-08-27T21:00:00+00:00,2026-08-27T21:00:00+00:00
37345212-8a2e-4c25-946e-cb5b394493bb,UTR202608000167RZP,20635100,20196810,2026-08-28T12:00:00+00:00,2026-08-28T12:00:00+00:00
9042dcc2-f714-4cd3-9fc6-bdc26fddffdd,UTR202608000168RZP,27952100,27358397,2026-08-29T10:00:00+00:00,2026-08-29T10:00:00+00:00
f25cdb7f-bcfb-4b36-8aaf-d3b85cb900cf,UTR202608000169RZP,26919300,26347535,2026-08-02T11:00:00+00:00,2026-08-02T11:00:00+00:00
9bd8d62d-7d6d-459f-ba3b-6b8e1ae6be39,UTR202608000170RZP,25506500,24964742,2026-08-03T12:00:00+00:00,2026-08-03T12:00:00+00:00
9499646f-2b0d-4b77-9d9d-b96a51da6a1f,UTR202608000171RZP,32711600,32016805,2026-08-04T10:00:00+00:00,2026-08-04T10:00:00+00:00
e0d5144a-b9f5-4850-aa15-b6cee0c85a3d,UTR202608000172RZP,28809600,28197684,2026-08-05T20:00:00+00:00,2026-08-05T20:00:00+00:00
a175750e-2da7-4657-94af-d00b072cb552,UTR202608000173RZP,22910500,22423881,2026-08-06T20:00:00+00:00,2026-08-06T20:00:00+00:00
7f6e1248-20f0-40a9-86e6-e1f74b9c32b4,UTR202608000174RZP,25001300,24470273,2026-08-07T19:00:00+00:00,2026-08-07T19:00:00+00:00
5196afe1-25fc-419c-ae79-2cbd896afa7c,UTR202608000175RZP,24632200,24109012,2026-08-08T14:00:00+00:00,2026-08-08T14:00:00+00:00
6bea3d2c-3af5-4ebe-8f24-4c01665a2b74,UTR202608000176RZP,24358000,23840636,2026-08-09T15:00:00+00:00,2026-08-09T15:00:00+00:00
cb0a5fd3-d68b-450a-a158-ac26374a8bde,UTR202608000177RZP,24374500,23856786,2026-08-10T18:00:00+00:00,2026-08-10T18:00:00+00:00
9dfb903a-135a-4fde-96e7-2392b5dec408,UTR202608000178RZP,23298200,22803346,2026-08-11T15:00:00+00:00,2026-08-11T15:00:00+00:00
8dd39b5c-3c08-4252-9cc1-fb434e9ef03e,UTR202608000179RZP,25531200,24988917,2026-08-12T16:00:00+00:00,2026-08-12T16:00:00+00:00
e27d7bd7-5eb5-49dd-935e-9c79f0abedee,UTR202608000180RZP,28303100,27701942,2026-08-13T10:00:00+00:00,2026-08-13T10:00:00+00:00
687fbbda-8a49-45f4-b237-ae9ce49f3e61,UTR202608000181RZP,29156800,28537510,2026-08-14T13:00:00+00:00,2026-08-14T13:00:00+00:00
df9c5e5f-1e10-45ec-aa3b-c2fdf40bf00f,UTR202608000182RZP,25534800,24992441,2026-08-15T18:00:00+00:00,2026-08-15T18:00:00+00:00
fa337a9f-015a-48e5-b30c-fee2761099b3,UTR202608000183RZP,29723700,29092368,2026-08-16T12:00:00+00:00,2026-08-16T12:00:00+00:00
1b8490b4-3126-49af-bc6d-112e56117729,UTR202608000184RZP,22231000,21758814,2026-08-17T10:00:00+00:00,2026-08-17T10:00:00+00:00
f3cdbf4a-f3b3-4cc2-b116-166777f2ca95,UTR202608000185RZP,28799700,28187994,2026-08-18T21:00:00+00:00,2026-08-18T21:00:00+00:00
7549b03c-9327-4231-a8c8-82779749b190,UTR202608000186RZP,29717200,29086006,2026-08-19T11:00:00+00:00,2026-08-19T11:00:00+00:00
f88649df-a8ed-4d6d-8d5d-a8a735e0181f,UTR202608000187RZP,21994600,21527434,2026-08-20T12:00:00+00:00,2026-08-20T12:00:00+00:00
b76cc747-6a71-4b2f-b8c4-e5a01f294adf,UTR202608000188RZP,27666400,27078766,2026-08-21T10:00:00+00:00,2026-08-21T10:00:00+00:00
0076f819-a293-458b-9400-1b17016d3380,UTR202608000189RZP,22729600,22246823,2026-08-22T15:00:00+00:00,2026-08-22T15:00:00+00:00
2763a15f-f6b4-4036-83e0-ec2a928ed9d2,UTR202608000190RZP,25582700,25039323,2026-08-23T20:00:00+00:00,2026-08-23T20:00:00+00:00
2f346286-94c2-4c4b-b9af-194cfbd81f6c,UTR202608000191RZP,27153400,26576662,2026-08-24T13:00:00+00:00,2026-08-24T13:00:00+00:00
915b2feb-89d4-4706-b96a-921bc38d1b06,UTR202608000192RZP,25508900,24967091,2026-08-25T21:00:00+00:00,2026-08-25T21:00:00+00:00
89260911-b7a8-4811-8677-72f4bbd28831,UTR202608000193RZP,25425800,24885756,2026-08-26T12:00:00+00:00,2026-08-26T12:00:00+00:00
71a1cf10-eea4-424d-810c-3af6b2dcfbf4,UTR202608000194RZP,23620200,23118506,2026-08-27T10:00:00+00:00,2026-08-27T10:00:00+00:00
0fbbe21b-459a-4312-8a6f-10cd49fa4064,UTR202608000195RZP,21955000,21488676,2026-08-28T10:00:00+00:00,2026-08-28T10:00:00+00:00
26f0ae86-d55a-4c41-b604-ea8250050a81,UTR202608000196RZP,24923600,24394223,2026-08-29T12:00:00+00:00,2026-08-29T12:00:00+00:00
f6c044a2-b985-4a16-a75e-a75d7ccbe06f,UTR202608000197RZP,23431500,22933815,2026-08-02T18:00:00+00:00,2026-08-02T18:00:00+00:00
427f3fbe-9d73-445e-b4c6-547d75bbfc72,UTR202608000198RZP,27228800,26650461,2026-08-03T16:00:00+00:00,2026-08-03T16:00:00+00:00
686b3f21-8a37-4bf1-8840-cba746130191,UTR202608000199RZP,23349700,22853752,2026-08-04T13:00:00+00:00,2026-08-04T13:00:00+00:00
aa9e92a0-5ca3-4c79-94b9-63cb3b6ab259,UTR202608000200RZP,30249900,29607392,2026-08-05T16:00:00+00:00,2026-08-05T16:00:00+00:00
a973b9c2-9c8a-4f87-a269-9e7db5462217,UTR202608000201RZP,27281500,26702041,2026-08-06T20:00:00+00:00,2026-08-06T20:00:00+00:00
d7c8c00c-e384-4937-98a2-1f268410b3b8,UTR202608000202RZP,28496000,27890745,2026-08-07T15:00:00+00:00,2026-08-07T15:00:00+00:00
e0768928-5c7c-4373-becc-9a8439f7d7f4,UTR202608000203RZP,24958600,24428479,2026-08-08T17:00:00+00:00,2026-08-08T17:00:00+00:00
144767da-9979-49b0-8f3e-b919bf1b6478,UTR202608000204RZP,31410900,30743733,2026-08-09T14:00:00+00:00,2026-08-09T14:00:00+00:00
36e8df7b-a383-4023-a4be-dd03fab52631,UTR202608000205RZP,21417300,20962397,2026-08-10T15:00:00+00:00,2026-08-10T15:00:00+00:00
dd2741ae-6ad8-428e-ba0c-9465a1c3c86f,UTR202608000206RZP,23942400,23433864,2026-08-11T15:00:00+00:00,2026-08-11T15:00:00+00:00
0b3c4eb8-e076-4639-b975-8aad0a4d4305,UTR202608000207RZP,27949800,27356147,2026-08-12T12:00:00+00:00,2026-08-12T12:00:00+00:00
ffce834d-a078-4a64-95cb-52a18aa5a0d2,UTR202608000208RZP,21693400,21232632,2026-08-13T21:00:00+00:00,2026-08-13T21:00:00+00:00
d5d83dc3-7a2b-49f1-9349-f6c7559cfd59,UTR202608000209RZP,28257900,27657702,2026-08-14T21:00:00+00:00,2026-08-14T21:00:00+00:00
5f558a80-c3fc-485f-8b05-5b42fd27fe3f,UTR202608000210RZP,28456100,27851692,2026-08-15T13:00:00+00:00,2026-08-15T13:00:00+00:00
b289feb2-0e51-4add-80c1-19a5f80dd481,UTR202608000211RZP,27844400,27252985,2026-08-16T11:00:00+00:00,2026-08-16T11:00:00+00:00
fb33188b-b0b8-49a4-b1ad-5c5f03f49a3b,UTR202608000212RZP,28008800,27413894,2026-08-17T11:00:00+00:00,2026-08-17T11:00:00+00:00
8c64f4e5-7644-43ad-87e2-ee2d75e826f8,UTR202608000213RZP,24300700,23784553,2026-08-18T16:00:00+00:00,2026-08-18T16:00:00+00:00
e51886cb-afe5-451d-a98d-997c5480681e,UTR202608000214RZP,23797100,23291649,2026-08-19T13:00:00+00:00,2026-08-19T13:00:00+00:00
09464c65-d182-4884-a44c-211593902d75,UTR202608000215RZP,24664700,23437397,2026-08-20T18:00:00+00:00,2026-08-20T18:00:00+00:00
27453c6e-f507-48c7-a6a9-12493545bdc0,UTR202608000216RZP,28320600,27719070,2026-08-21T15:00:00+00:00,2026-08-21T15:00:00+00:00
f90f2772-1139-44bb-b132-07dad0a3f0b4,UTR202608000217RZP,31037000,29320456,2026-08-22T14:00:00+00:00,2026-08-22T14:00:00+00:00
446b5cb6-c0a4-4113-bcc7-c0addc811ca8,UTR202608000218RZP,31867200,31190340,2026-08-23T21:00:00+00:00,2026-08-23T21:00:00+00:00
037dbb94-f1cb-40cb-827a-ede36fd6de1f,UTR202608000219RZP,24080200,23568736,2026-08-24T18:00:00+00:00,2026-08-24T18:00:00+00:00
a4d1a4ce-ca2a-4cf1-b155-7a7e9f697ab0,UTR202608000220RZP,22087600,21618459,2026-08-25T13:00:00+00:00,2026-08-25T13:00:00+00:00
3c86eba8-c031-47fa-a061-406225c358b3,UTR202608000221RZP,23205600,22712713,2026-08-26T12:00:00+00:00,2026-08-26T12:00:00+00:00
dec2071f-bd85-4d6b-9515-b493c9b4125d,UTR202608000222RZP,24477000,23957109,2026-08-27T15:00:00+00:00,2026-08-27T15:00:00+00:00
fa2712e6-df20-4a8e-b358-e7f6b0d36b39,UTR202608000223RZP,33329700,32621777,2026-08-28T17:00:00+00:00,2026-08-28T17:00:00+00:00
bf74b28d-bbe2-4948-8acc-c2af412faa08,UTR202608000224RZP,26289800,25731405,2026-08-29T20:00:00+00:00,2026-08-29T20:00:00+00:00
5bf395e7-adda-4ede-bb76-fe13282122cb,UTR202608000225RZP,26216800,25659956,2026-08-02T13:00:00+00:00,2026-08-02T13:00:00+00:00
b183a9b2-abe5-4240-bc1f-e9918e775a9a,UTR202608000226RZP,29083500,28465766,2026-08-03T19:00:00+00:00,2026-08-03T19:00:00+00:00
e213f1ba-e072-4e51-a8e2-408cc2d41941,UTR202608000227RZP,25910800,25360455,2026-08-04T19:00:00+00:00,2026-08-04T19:00:00+00:00
939331d3-6250-418a-abcd-2f6a7060328a,UTR202608000228RZP,29841900,29208058,2026-08-05T13:00:00+00:00,2026-08-05T13:00:00+00:00
498eb916-17bf-414b-bbd3-42dc4130a6bb,UTR202608000229RZP,26016800,25464204,2026-08-06T10:00:00+00:00,2026-08-06T10:00:00+00:00
197d4c94-2a8b-4e3f-ac5c-4cad12fe4b31,UTR202608000230RZP,25844000,24415278,2026-08-07T12:00:00+00:00,2026-08-07T12:00:00+00:00
44caa93e-b282-4444-8c22-8d2ab74d69b2,UTR202608000231RZP,27710300,27121734,2026-08-08T19:00:00+00:00,2026-08-08T19:00:00+00:00
d2757c9a-d4f8-48e6-a4b5-cbf04828004b,UTR202608000232RZP,29090900,28473010,2026-08-09T14:00:00+00:00,2026-08-09T14:00:00+00:00
9224031f-7066-4890-babb-89625dc887ed,UTR202608000233RZP,23373100,22876655,2026-08-10T21:00:00+00:00,2026-08-10T21:00:00+00:00
3a602c2f-774f-436e-9a6f-4b961453fcfd,UTR202608000234RZP,20499500,20064091,2026-08-11T13:00:00+00:00,2026-08-11T13:00:00+00:00
5140ebb2-169f-46aa-b491-7ec27166f07f,UTR202608000235RZP,25904500,25354288,2026-08-12T14:00:00+00:00,2026-08-12T14:00:00+00:00
116f4d60-3f19-47b9-a01a-152f88b966d4,UTR202608000236RZP,24579400,24057334,2026-08-13T13:00:00+00:00,2026-08-13T13:00:00+00:00
51709f65-3993-49a4-bbf8-9a2edc7572a7,UTR202608000237RZP,24713100,24188194,2026-08-14T14:00:00+00:00,2026-08-14T14:00:00+00:00
ad2502a5-a98f-45a0-a7a7-ced249b98093,UTR202608000238RZP,29100100,28482014,2026-08-15T19:00:00+00:00,2026-08-15T19:00:00+00:00
f7b359e2-226b-43d3-aca6-923be6c378cb,UTR202608000239RZP,20491800,20056555,2026-08-16T11:00:00+00:00,2026-08-16T11:00:00+00:00
cd47cf42-0871-4085-a054-ff439812114c,UTR202608000240RZP,30049000,29410759,2026-08-17T11:00:00+00:00,2026-08-17T11:00:00+00:00
fd49dcdd-890d-4fd9-a3b8-9fabf19edf44,UTR202608000241RZP,19968200,19544075,2026-08-18T12:00:00+00:00,2026-08-18T12:00:00+00:00
7799abde-3c04-4d41-9cfe-940f5b353565,UTR202608000242RZP,22949300,22461857,2026-08-19T20:00:00+00:00,2026-08-19T20:00:00+00:00
801c1a98-aa05-44c0-a713-59ba1daa3e0e,UTR202608000243RZP,23063400,22573534,2026-08-20T20:00:00+00:00,2026-08-20T20:00:00+00:00
13aab682-77f8-41bb-a243-9ac646c59316,UTR202608000244RZP,17792300,17414392,2026-08-21T10:00:00+00:00,2026-08-21T10:00:00+00:00
2c39357a-8a6a-4d99-8d93-8d3a86352fbf,UTR202608000245RZP,34085300,33361329,2026-08-22T10:00:00+00:00,2026-08-22T10:00:00+00:00
10e37920-6803-4c4c-b85d-74ca74b1f879,UTR202608000246RZP,24319500,23802954,2026-08-23T10:00:00+00:00,2026-08-23T10:00:00+00:00
1924c1cb-f6df-4c98-9c14-3325a1e9f58c,UTR202608000247RZP,24838500,24310930,2026-08-24T11:00:00+00:00,2026-08-24T11:00:00+00:00
9ec57444-5266-43e1-a9cc-a787e2ad9e5d,UTR202608000248RZP,28470600,27865884,2026-08-25T15:00:00+00:00,2026-08-25T15:00:00+00:00
169f0e3a-7b4e-4b69-a544-f3b2f7bbbd38,UTR202608000249RZP,22828700,22343818,2026-08-26T20:00:00+00:00,2026-08-26T20:00:00+00:00
933828b3-51bc-4f13-95bd-f29c6ecb18ae,UTR202608000250RZP,26114400,25559730,2026-08-27T15:00:00+00:00,2026-08-27T15:00:00+00:00
e3328fd9-c2fe-41e2-9092-af22dc6a4abb,UTR202608000251RZP,23507800,23008495,2026-08-28T16:00:00+00:00,2026-08-28T16:00:00+00:00
0cabf11a-8bad-4e43-b679-ff5fcc72c509,UTR202608000252RZP,23374500,22878026,2026-08-29T19:00:00+00:00,2026-08-29T19:00:00+00:00
76a97292-7fc2-40cd-9a0c-535c16274a20,UTR202608000253RZP,31336600,30671010,2026-08-02T19:00:00+00:00,2026-08-02T19:00:00+00:00
8b05ee11-490f-455d-a12a-ea042317315a,UTR202608000254RZP,27819800,27228908,2026-08-03T15:00:00+00:00,2026-08-03T15:00:00+00:00
bebdbe96-9101-4689-9ebb-4c8dcfeb5a61,UTR202608000255RZP,23653000,23150610,2026-08-04T19:00:00+00:00,2026-08-04T19:00:00+00:00
c0fed7f1-6038-4708-a2cb-e40bf230f9d7,UTR202608000256RZP,26565400,26001151,2026-08-05T13:00:00+00:00,2026-08-05T13:00:00+00:00
2157acd7-eaec-4faf-a196-a7bd3673280b,UTR202608000257RZP,25723500,25177133,2026-08-06T15:00:00+00:00,2026-08-06T15:00:00+00:00
6c5eaa65-4d80-4f0d-8f1d-d7dd97876d25,UTR202608000258RZP,24426200,23907387,2026-08-07T17:00:00+00:00,2026-08-07T17:00:00+00:00
45bb803e-4674-4703-ab30-255e6b050f25,UTR202608000259RZP,25728800,24632936,2026-08-08T10:00:00+00:00,2026-08-08T10:00:00+00:00
775130e8-07cf-40ec-ac9e-f10c5d9459c4,UTR202608000260RZP,20711200,20271294,2026-08-09T20:00:00+00:00,2026-08-09T20:00:00+00:00
38b6a055-bd0e-43ce-82f6-99ad8e75b9a0,UTR202608000261RZP,31680000,31007117,2026-08-10T12:00:00+00:00,2026-08-10T12:00:00+00:00
c05109d8-9844-4d4d-8d17-d03119c99ab1,UTR202608000262RZP,27131500,26555227,2026-08-11T16:00:00+00:00,2026-08-11T16:00:00+00:00
97fde53e-0868-4b21-8bfa-a6b5d5d302c7,UTR202608000263RZP,24053400,23542506,2026-08-12T18:00:00+00:00,2026-08-12T18:00:00+00:00
1b16151c-7f81-4df5-a021-3f3da0708c01,UTR202608000264RZP,27218700,26640574,2026-08-13T21:00:00+00:00,2026-08-13T21:00:00+00:00
7193ec3f-2847-4149-a204-46350f5744a4,UTR202608000265RZP,20989200,20543389,2026-08-14T19:00:00+00:00,2026-08-14T19:00:00+00:00
11e57cea-df45-4e1a-bef3-35a3e9a8b937,UTR202608000266RZP,21737100,21275404,2026-08-15T11:00:00+00:00,2026-08-15T11:00:00+00:00
482713e1-34c0-4c23-a79a-fc9022e99ddd,UTR202608000267RZP,25810500,25262285,2026-08-16T12:00:00+00:00,2026-08-16T12:00:00+00:00
e84c2406-3658-478b-8fa2-34bafa6ae42e,UTR202608000268RZP,22239600,21767231,2026-08-17T14:00:00+00:00,2026-08-17T14:00:00+00:00
8c53a19d-0f9a-4bc8-b052-acf1995295e1,UTR202608000269RZP,25859300,25310049,2026-08-18T14:00:00+00:00,2026-08-18T14:00:00+00:00
84f4d7a6-f300-4e64-8652-824bd8750fc3,UTR202608000270RZP,25970200,25418592,2026-08-19T10:00:00+00:00,2026-08-19T10:00:00+00:00
e892ff54-4ae5-4a8b-b2f1-089374310327,UTR202608000271RZP,22153900,21683351,2026-08-20T10:00:00+00:00,2026-08-20T10:00:00+00:00
9117dcb0-b9f7-4ce8-b114-f25f17ae4776,UTR202608000272RZP,24637100,24113808,2026-08-21T21:00:00+00:00,2026-08-21T21:00:00+00:00
a72bb6a9-b1cc-4413-b21e-86509707a190,UTR202608000273RZP,26849600,26279314,2026-08-22T13:00:00+00:00,2026-08-22T13:00:00+00:00
2b2ef527-2ae9-4a73-b007-b2d526a3b706,UTR202608000274RZP,29815600,29182316,2026-08-23T12:00:00+00:00,2026-08-23T12:00:00+00:00
ebb1b875-f249-4ea0-9c8e-b1f4b874ac79,UTR202608000275RZP,17048700,16686585,2026-08-24T11:00:00+00:00,2026-08-24T11:00:00+00:00
1bdd7a70-1d47-47b7-856f-134deaf0a9b3,UTR202608000276RZP,22562400,22083175,2026-08-25T11:00:00+00:00,2026-08-25T11:00:00+00:00
6c4a2ee6-58c7-4b37-8434-347ec8fbfe1b,UTR202608000277RZP,34877300,34136507,2026-08-26T14:00:00+00:00,2026-08-26T14:00:00+00:00
03d0bc17-742a-4ba8-9d2c-e25c22346b13,UTR202608000278RZP,25275900,24739040,2026-08-27T13:00:00+00:00,2026-08-27T13:00:00+00:00
c7f739ae-673c-4100-bfb3-b04b9e6b0f3f,UTR202608000279RZP,33664000,32948977,2026-08-28T19:00:00+00:00,2026-08-28T19:00:00+00:00
eb3116bb-ced8-4040-889a-516ff3388a26,UTR202608000280RZP,28929700,27475180,2026-08-29T21:00:00+00:00,2026-08-29T21:00:00+00:00
411af5d4-cd6d-4710-aaa6-940bf7797c9b,UTR202608000281RZP,20670600,20231556,2026-08-02T12:00:00+00:00,2026-08-02T12:00:00+00:00
94f00bc3-6152-42d2-9a14-8bdd9471b57e,UTR202608000282RZP,28885000,28271483,2026-08-03T21:00:00+00:00,2026-08-03T21:00:00+00:00
5252b00e-293d-47dd-bb99-37860e3097c2,UTR202608000283RZP,26530500,25966992,2026-08-04T12:00:00+00:00,2026-08-04T12:00:00+00:00
0efe730e-860a-482c-8757-331d24f03904,UTR202608000284RZP,24168000,23654672,2026-08-05T20:00:00+00:00,2026-08-05T20:00:00+00:00
19d9cdbe-0e98-426b-afb1-f1c250621e83,UTR202608000285RZP,18463300,18071140,2026-08-06T14:00:00+00:00,2026-08-06T14:00:00+00:00
4c83099a-5bc8-4697-93f2-54bd383b58e0,UTR202608000286RZP,18215800,17828897,2026-08-07T11:00:00+00:00,2026-08-07T11:00:00+00:00
73b2dafd-734f-4195-8ada-7b8596a9ccb6,UTR202608000287RZP,25156100,24621784,2026-08-08T14:00:00+00:00,2026-08-08T14:00:00+00:00
1111b84b-fb91-4139-9583-b1ad9a0c62cf,UTR202608000288RZP,23916300,21626039,2026-08-09T15:00:00+00:00,2026-08-09T15:00:00+00:00
4c8d7ff4-ecc9-4d95-b2b6-bfd675b5f287,UTR202608000289RZP,29136000,28517151,2026-08-10T10:00:00+00:00,2026-08-10T10:00:00+00:00
57b9ea4e-35c1-495e-b342-53a566b2a819,UTR202608000290RZP,26480700,25918249,2026-08-11T19:00:00+00:00,2026-08-11T19:00:00+00:00
79b520fa-327b-4f5c-b933-24c6839a961a,UTR202608000291RZP,26613300,26048034,2026-08-12T10:00:00+00:00,2026-08-12T10:00:00+00:00
4b319bfe-d341-4470-a166-42262317cfdd,UTR202608000292RZP,29459000,28833291,2026-08-13T19:00:00+00:00,2026-08-13T19:00:00+00:00
2611b539-2e05-43a0-917d-65a242207dab,UTR202608000293RZP,25536400,24994007,2026-08-14T19:00:00+00:00,2026-08-14T19:00:00+00:00
07360deb-5518-420a-9707-a5276193c6b2,UTR202608000294RZP,30945000,30287728,2026-08-15T12:00:00+00:00,2026-08-15T12:00:00+00:00
6695f296-a904-4670-914a-a92d7129f707,UTR202608000295RZP,28232300,27632646,2026-08-16T17:00:00+00:00,2026-08-16T17:00:00+00:00
25b2e533-a551-4917-999e-ba3af3025007,UTR202608000296RZP,24129500,23616989,2026-08-17T10:00:00+00:00,2026-08-17T10:00:00+00:00
f5512234-7988-43ce-88db-2d4b900036ac,UTR202608000297RZP,25828500,25279903,2026-08-18T19:00:00+00:00,2026-08-18T19:00:00+00:00
06ea174f-2fdf-4053-b8e9-1b2927c0baee,UTR202608000298RZP,27877000,27284893,2026-08-19T19:00:00+00:00,2026-08-19T19:00:00+00:00
de2a95c4-3c8d-4aec-91a6-16c4012bca16,UTR202608000299RZP,25696600,25150804,2026-08-20T21:00:00+00:00,2026-08-20T21:00:00+00:00
ff699ae9-d88d-4243-bc89-14fcb0656053,UTR202608000300RZP,20288600,19857670,2026-08-21T20:00:00+00:00,2026-08-21T20:00:00+00:00
ab74e6d5-3e2c-4afb-a724-f24577d908de,UTR202608000301RZP,18406600,18015644,2026-08-22T18:00:00+00:00,2026-08-22T18:00:00+00:00
cc29cd25-fb7f-43fa-9ec8-e977579f4ff5,UTR202608000302RZP,32521900,30268962,2026-08-23T15:00:00+00:00,2026-08-23T15:00:00+00:00
444fb119-09b0-4177-b99c-89873f7c4823,UTR202608000303RZP,33131700,30847858,2026-08-24T10:00:00+00:00,2026-08-24T10:00:00+00:00
c8ded5b4-0842-4a94-9f0b-9f07c5712f0c,UTR202608000304RZP,21345100,20891730,2026-08-25T18:00:00+00:00,2026-08-25T18:00:00+00:00
ebd246c3-7a27-46e9-b4bc-b514e68a201b,UTR202608000305RZP,25572100,25028948,2026-08-26T11:00:00+00:00,2026-08-26T11:00:00+00:00
5d9e133a-2066-4174-8e65-2a4d49405227,UTR202608000306RZP,26499500,25936651,2026-08-27T18:00:00+00:00,2026-08-27T18:00:00+00:00
9ac6e652-396c-426a-b792-afbbf5a12bea,UTR202608000307RZP,26356200,25796394,2026-08-28T10:00:00+00:00,2026-08-28T10:00:00+00:00
70592cab-0246-42d6-90bd-9fed4ad39563,UTR202608000308RZP,19392300,18980408,2026-08-29T19:00:00+00:00,2026-08-29T19:00:00+00:00
6c94b3d4-528e-43fc-8d56-076ae03d77fe,UTR202608000309RZP,24685900,24068902,2026-08-02T12:00:00+00:00,2026-08-02T12:00:00+00:00
4f267215-de1c-4a11-945b-5c4c61946966,UTR202608000310RZP,22823300,22338534,2026-08-03T18:00:00+00:00,2026-08-03T18:00:00+00:00
487518c0-f01a-40e6-b7ef-e21eedee2123,UTR202608000311RZP,24561300,24039618,2026-08-04T12:00:00+00:00,2026-08-04T12:00:00+00:00
9f1f928a-af9c-4c47-8025-7bbca02ab143,UTR202608000312RZP,32154800,31471833,2026-08-05T16:00:00+00:00,2026-08-05T16:00:00+00:00
5e2c5c1d-8242-4fd1-9bea-a46734e0b46f,UTR202608000313RZP,22552900,22073877,2026-08-06T16:00:00+00:00,2026-08-06T16:00:00+00:00
fbc424a6-ad63-45d5-acde-cea57bad6aa2,UTR202608000314RZP,26265600,25707718,2026-08-07T13:00:00+00:00,2026-08-07T13:00:00+00:00
2ed9ed22-5f7d-46af-8fe6-619b379b88c2,UTR202608000315RZP,27715100,27126431,2026-08-08T17:00:00+00:00,2026-08-08T17:00:00+00:00
9e3e9d63-47ed-40c3-934a-8b4bc59d4278,UTR202608000316RZP,27438200,26855412,2026-08-09T17:00:00+00:00,2026-08-09T17:00:00+00:00
e9fb90db-a235-4200-837d-28938457ceb3,UTR202608000317RZP,24414100,23895544,2026-08-10T12:00:00+00:00,2026-08-10T12:00:00+00:00
3cabeae3-6d0a-4357-9c78-3d25cc9f7d94,UTR202608000318RZP,26501000,25938119,2026-08-11T21:00:00+00:00,2026-08-11T21:00:00+00:00
4bf0f4f0-19d3-4d88-96a9-89ae5db1d86c,UTR202608000319RZP,26298600,25740017,2026-08-12T16:00:00+00:00,2026-08-12T16:00:00+00:00
16d91603-e6a7-46f5-9310-21e1329df819,UTR202608000320RZP,23771300,23266398,2026-08-13T10:00:00+00:00,2026-08-13T10:00:00+00:00
c872ddd6-ea77-4480-b6aa-320a656388e8,UTR202608000321RZP,20590600,20153255,2026-08-14T12:00:00+00:00,2026-08-14T12:00:00+00:00
b0533c9e-f805-45c4-8dae-e7e42b10e657,UTR202608000322RZP,30044700,29406550,2026-08-15T13:00:00+00:00,2026-08-15T13:00:00+00:00
c305112a-dd28-4559-8c99-3ede182426fd,UTR202608000323RZP,25371500,24832609,2026-08-16T16:00:00+00:00,2026-08-16T16:00:00+00:00
c6ffbc54-7721-4661-9908-09cc310efb08,UTR202608000324RZP,21244100,20792875,2026-08-17T19:00:00+00:00,2026-08-17T19:00:00+00:00
bcff1afc-bafc-4b58-989b-f51ea2b22334,UTR202608000325RZP,23336100,22840441,2026-08-18T18:00:00+00:00,2026-08-18T18:00:00+00:00
448a6a64-886a-4059-b683-61e8ca793147,UTR202608000326RZP,17105700,16742374,2026-08-19T16:00:00+00:00,2026-08-19T16:00:00+00:00
8c96816a-8e10-4343-b6f0-71167b08f4ce,UTR202608000327RZP,22341700,21867162,2026-08-20T20:00:00+00:00,2026-08-20T20:00:00+00:00
f782931b-b45e-41c9-9a75-4340c22fbb57,UTR202608000328RZP,29985100,29138320,2026-08-21T16:00:00+00:00,2026-08-21T16:00:00+00:00
f73e3538-b639-473f-ac38-592cc616932f,UTR202608000329RZP,32527100,31836224,2026-08-22T13:00:00+00:00,2026-08-22T13:00:00+00:00
e39b108e-2e95-4648-9e32-1cd65b95db84,UTR202608000330RZP,24111200,23599078,2026-08-23T14:00:00+00:00,2026-08-23T14:00:00+00:00
0b79ba1f-03db-4c5e-a8f2-0f2a0751cd08,UTR202608000331RZP,26647900,26081899,2026-08-24T18:00:00+00:00,2026-08-24T18:00:00+00:00
c4819132-4e0c-43dc-a4b8-6d51e680b7e8,UTR202608000332RZP,28478000,27873127,2026-08-25T19:00:00+00:00,2026-08-25T19:00:00+00:00
1720a6d3-0506-4940-8f30-800aff054ab6,UTR202608000333RZP,23479300,22863208,2026-08-26T17:00:00+00:00,2026-08-26T17:00:00+00:00
b914b00d-e4a9-44ff-a624-dc4de04ec14c,UTR202608000334RZP,26721300,26153740,2026-08-27T15:00:00+00:00,2026-08-27T15:00:00+00:00
f15acce9-dc0e-47ed-a46c-c140795019d0,UTR202608000335RZP,25089000,24556110,2026-08-28T11:00:00+00:00,2026-08-28T11:00:00+00:00
2cb3db84-8946-426e-9e42-6c0693191a8a,UTR202608000336RZP,23141800,22650269,2026-08-29T19:00:00+00:00,2026-08-29T19:00:00+00:00
7e2fb8bc-665b-4ac3-8c1f-2aad38292461,UTR202608000337RZP,27702500,27114099,2026-08-02T14:00:00+00:00,2026-08-02T14:00:00+00:00
376ea6ce-1560-4585-9238-e17633463647,UTR202608000338RZP,27786600,27196412,2026-08-03T19:00:00+00:00,2026-08-03T19:00:00+00:00
b19ca8e7-deb1-4b8d-a8e2-477debf80cbe,UTR202608000339RZP,27273200,26693917,2026-08-04T21:00:00+00:00,2026-08-04T21:00:00+00:00
6d0b289c-fd5b-4789-a638-3726478b48b5,UTR202608000340RZP,24191600,23677770,2026-08-05T13:00:00+00:00,2026-08-05T13:00:00+00:00
23786263-3525-46c8-ad7c-4911bea912f5,UTR202608000341RZP,20024100,19598788,2026-08-06T18:00:00+00:00,2026-08-06T18:00:00+00:00
204a617e-b3b1-46f3-9a2e-d430a8de227e,UTR202608000342RZP,29640700,29011131,2026-08-07T14:00:00+00:00,2026-08-07T14:00:00+00:00
2e0b0269-18d3-4ca8-bc7c-85fa144833a4,UTR202608000343RZP,24064200,23553076,2026-08-08T17:00:00+00:00,2026-08-08T17:00:00+00:00
261b03a2-894e-4bb8-9d2d-f4b248d2186e,UTR202608000344RZP,25369000,24830162,2026-08-09T13:00:00+00:00,2026-08-09T13:00:00+00:00
4b5a38a5-210c-43f1-88b2-97f832bdcd80,UTR202608000345RZP,26975300,26402345,2026-08-10T12:00:00+00:00,2026-08-10T12:00:00+00:00
91c4cf41-3ee5-4ee0-b8d7-f4e1bd9166cd,UTR202608000346RZP,28398100,27794924,2026-08-11T12:00:00+00:00,2026-08-11T12:00:00+00:00
367c045a-af3a-4460-a0df-487d06592695,UTR202608000347RZP,19688800,19235171,2026-08-12T12:00:00+00:00,2026-08-12T12:00:00+00:00
f88be294-9309-4dc0-bf9c-053f534919e2,UTR202608000348RZP,24721900,24196807,2026-08-13T13:00:00+00:00,2026-08-13T13:00:00+00:00
adb0dc82-8eba-413d-b291-f321336a8d51,UTR202608000349RZP,30596800,29946924,2026-08-14T12:00:00+00:00,2026-08-14T12:00:00+00:00
0da94ad6-ef8c-4f07-9e42-816c189acf94,UTR202608000350RZP,26559300,25995181,2026-08-15T11:00:00+00:00,2026-08-15T11:00:00+00:00
7cd5a43d-3cc8-49a4-a94e-ebd5e7c392ff,UTR202608000351RZP,27990700,27396177,2026-08-16T17:00:00+00:00,2026-08-16T17:00:00+00:00
50454549-e10c-4a8c-80fa-40e46016958f,UTR202608000352RZP,25586700,25043238,2026-08-17T15:00:00+00:00,2026-08-17T15:00:00+00:00
0357072c-9f4e-40a1-af12-1dec90725325,UTR202608000353RZP,24478500,23958577,2026-08-18T10:00:00+00:00,2026-08-18T10:00:00+00:00
d0cd912d-ff8e-4a75-951a-69cbf1989103,UTR202608000354RZP,25133200,24599370,2026-08-19T17:00:00+00:00,2026-08-19T17:00:00+00:00
c24269b6-2a81-4ed2-8fb7-3e94b2f0dadc,UTR202608000355RZP,27827600,27236542,2026-08-20T14:00:00+00:00,2026-08-20T14:00:00+00:00
c10168c5-b381-4f7f-82f2-1d89b4799e9d,UTR202608000356RZP,24095000,23583222,2026-08-21T14:00:00+00:00,2026-08-21T14:00:00+00:00
f9875e4b-7f15-45d3-8e0b-cfd474eaa540,UTR202608000357RZP,23223800,22730527,2026-08-22T15:00:00+00:00,2026-08-22T15:00:00+00:00
2d14685a-6034-47a8-97a8-335ebd1dca2c,UTR202608000358RZP,23618300,23116648,2026-08-23T17:00:00+00:00,2026-08-23T17:00:00+00:00
0360eb6e-3cb0-4e4a-b9e5-e181088db9b0,UTR202608000359RZP,24729100,24203854,2026-08-24T19:00:00+00:00,2026-08-24T19:00:00+00:00
34941c11-1df2-4180-bbcd-06b80ceef70e,UTR202608000360RZP,21875300,21251827,2026-08-25T19:00:00+00:00,2026-08-25T19:00:00+00:00
5a88773b-0ecf-4ff6-9a7a-30c87ef0f624,UTR202608000361RZP,22048600,21580287,2026-08-26T17:00:00+00:00,2026-08-26T17:00:00+00:00
0c558c77-0916-4d71-9b7c-4254e5aa1ef4,UTR202608000362RZP,22304900,21831144,2026-08-27T13:00:00+00:00,2026-08-27T13:00:00+00:00
1b4a309c-efeb-4a37-863b-2f780f728769,UTR202608000363RZP,24819400,24292236,2026-08-28T18:00:00+00:00,2026-08-28T18:00:00+00:00
61ec83bf-56fa-49d2-b45d-9cf3c83af388,UTR202608000364RZP,21387700,20933425,2026-08-29T19:00:00+00:00,2026-08-29T19:00:00+00:00
cb38857d-c8a5-4da2-854e-a64fc343b51d,UTR202608000365RZP,29071900,28454413,2026-08-02T12:00:00+00:00,2026-08-02T12:00:00+00:00
373ce6d5-2e5b-4dc5-9ba1-361cab1df5af,UTR202608000366RZP,23040800,22551414,2026-08-03T21:00:00+00:00,2026-08-03T21:00:00+00:00
a450136e-4d9b-499a-95f0-4a345c3edd07,UTR202608000367RZP,19739100,18560632,2026-08-04T16:00:00+00:00,2026-08-04T16:00:00+00:00
6925720a-ae0c-4906-963a-c609a996818b,UTR202608000368RZP,22441900,21965234,2026-08-05T18:00:00+00:00,2026-08-05T18:00:00+00:00
62575d4d-054c-4f49-b58b-1b6791a2c87e,UTR202608000369RZP,19653400,19235962,2026-08-06T17:00:00+00:00,2026-08-06T17:00:00+00:00
1b1cba7c-ccac-44cc-af44-cbb45de3ddcc,UTR202608000370RZP,22386600,21911108,2026-08-07T19:00:00+00:00,2026-08-07T19:00:00+00:00
deea7b16-ba3e-44d3-b6ba-529c5c526a1e,UTR202608000371RZP,29271700,28649969,2026-08-08T17:00:00+00:00,2026-08-08T17:00:00+00:00
0e492636-e923-4ab8-abdc-15a935bc57ab,UTR202608000372RZP,24403000,23884680,2026-08-09T14:00:00+00:00,2026-08-09T14:00:00+00:00
08cfb8d9-19c6-4ab5-9a7c-5a2b5dec3e1c,UTR202608000373RZP,21089300,20641364,2026-08-10T13:00:00+00:00,2026-08-10T13:00:00+00:00
8b678d08-9bd9-474c-ba34-013732c4fc9a,UTR202608000374RZP,17683500,17307902,2026-08-11T19:00:00+00:00,2026-08-11T19:00:00+00:00
a6521505-d3f9-4d19-b703-8ae9a42cb2f3,UTR202608000375RZP,22892800,22406557,2026-08-12T10:00:00+00:00,2026-08-12T10:00:00+00:00
04aff0ac-e265-43a2-bba9-70e391a748ad,UTR202608000376RZP,27421200,26838773,2026-08-13T10:00:00+00:00,2026-08-13T10:00:00+00:00
14cf0d05-d669-4b22-9c20-dcfaa6d459db,UTR202608000377RZP,23488100,22989213,2026-08-14T15:00:00+00:00,2026-08-14T15:00:00+00:00
66e98e9d-1e22-4e9e-a75a-67d2499e708b,UTR202608000378RZP,24764900,24065540,2026-08-15T15:00:00+00:00,2026-08-15T15:00:00+00:00
d320195b-2d40-4655-892a-b39468315efa,UTR202608000379RZP,25466900,24925983,2026-08-16T19:00:00+00:00,2026-08-16T19:00:00+00:00
76900bc0-185b-4681-b00a-6b9f07691fdf,UTR202608000380RZP,19523500,18937014,2026-08-17T14:00:00+00:00,2026-08-17T14:00:00+00:00
d9600982-7963-4225-ad3a-902ea6a1f7ba,UTR202608000381RZP,27248000,26669252,2026-08-18T12:00:00+00:00,2026-08-18T12:00:00+00:00
932032eb-6d96-45df-98bc-c4d60343d923,UTR202608000382RZP,24663900,24140039,2026-08-19T10:00:00+00:00,2026-08-19T10:00:00+00:00
a5102c59-4bfe-4a14-af9b-35878b926d68,UTR202608000383RZP,21896700,21431614,2026-08-20T14:00:00+00:00,2026-08-20T14:00:00+00:00
552f7981-a308-469a-9ccf-cc2a46d16a1b,UTR202608000384RZP,28385400,27782494,2026-08-21T13:00:00+00:00,2026-08-21T13:00:00+00:00
517fcc69-bee5-45ac-99f2-fc4ab39c8aa8,UTR202608000385RZP,23844600,23338140,2026-08-22T18:00:00+00:00,2026-08-22T18:00:00+00:00
9da87748-b302-4aea-9073-2363be1e871c,UTR202608000386RZP,23737800,23233610,2026-08-23T12:00:00+00:00,2026-08-23T12:00:00+00:00
5fb5a98b-c243-498e-be53-232dfabc366a,UTR202608000387RZP,20584600,20147383,2026-08-24T12:00:00+00:00,2026-08-24T12:00:00+00:00
968511df-3c76-4e5a-ac3b-ec32247cf0d1,UTR202608000388RZP,22412000,21935969,2026-08-25T14:00:00+00:00,2026-08-25T14:00:00+00:00
adcd8bb7-8806-40bb-9dfa-bc9f4640e11e,UTR202608000389RZP,28343900,27012027,2026-08-26T13:00:00+00:00,2026-08-26T13:00:00+00:00
2ec15dce-1c65-4d75-8ed7-0c895e09f213,UTR202608000390RZP,26289500,25731111,2026-08-27T16:00:00+00:00,2026-08-27T16:00:00+00:00
5cca8d3a-a171-45ce-bbcd-3490f5b7eebc,UTR202608000391RZP,25099800,24566681,2026-08-28T18:00:00+00:00,2026-08-28T18:00:00+00:00
d603a566-f948-44e6-8d70-0e410d8c012e,UTR202608000392RZP,24254600,23739432,2026-08-29T19:00:00+00:00,2026-08-29T19:00:00+00:00
36537af5-2962-481e-b091-2bdfaea02ec2,UTR202608000393RZP,30332900,29688629,2026-08-02T21:00:00+00:00,2026-08-02T21:00:00+00:00
044322f6-5246-4429-a895-3ce4ca9f80a5,UTR202608000394RZP,24938400,24408709,2026-08-03T18:00:00+00:00,2026-08-03T18:00:00+00:00
f20054d3-766b-44de-8af7-1690f17fef67,UTR202608000395RZP,21396600,20942136,2026-08-04T11:00:00+00:00,2026-08-04T11:00:00+00:00
aa1f29f7-9706-4a48-a2c4-b5baeca505fc,UTR202608000396RZP,27300400,26720540,2026-08-05T17:00:00+00:00,2026-08-05T17:00:00+00:00
36627995-0727-472e-b715-7bd45fd09e7f,UTR202608000397RZP,27621200,27034525,2026-08-06T13:00:00+00:00,2026-08-06T13:00:00+00:00
2e7aa39f-5ca0-4636-95e2-d393ed9b4216,UTR202608000398RZP,26104300,25549845,2026-08-07T17:00:00+00:00,2026-08-07T17:00:00+00:00
69c086b1-fc96-43e5-9aed-257e24191c89,UTR202608000399RZP,27087000,26511672,2026-08-08T15:00:00+00:00,2026-08-08T15:00:00+00:00
90bd04e3-e135-4727-9ac8-37828f02be09,UTR202608000400RZP,23633500,23131524,2026-08-09T11:00:00+00:00,2026-08-09T11:00:00+00:00
ea541b6d-6fa2-431e-af35-00ae84416b7d,UTR202608000401RZP,23859700,23352919,2026-08-10T19:00:00+00:00,2026-08-10T19:00:00+00:00
7677b8ef-5615-486e-8cfb-45865bca9c9c,UTR202608000402RZP,23219400,22726220,2026-08-11T20:00:00+00:00,2026-08-11T20:00:00+00:00
50e30ce2-80bf-42b9-9885-1fc9c175e998,UTR202608000403RZP,26535300,25971691,2026-08-12T18:00:00+00:00,2026-08-12T18:00:00+00:00
d4864e71-abdd-480a-8819-4c97d945a298,UTR202608000404RZP,23433400,22935675,2026-08-13T10:00:00+00:00,2026-08-13T10:00:00+00:00
ec649279-5622-4c93-a429-fa38faa47df6,UTR202608000405RZP,29928700,29293014,2026-08-14T16:00:00+00:00,2026-08-14T16:00:00+00:00
9f7e11a9-97a9-4599-a339-4bdd35dbf77a,UTR202608000406RZP,28128500,27531051,2026-08-15T21:00:00+00:00,2026-08-15T21:00:00+00:00
3b91c14a-7b6f-4807-816d-caf36819ef7b,UTR202608000407RZP,25948700,25397549,2026-08-16T17:00:00+00:00,2026-08-16T17:00:00+00:00
0f356efb-6b51-4521-a221-303a61446759,UTR202608000408RZP,19154100,18747267,2026-08-17T21:00:00+00:00,2026-08-17T21:00:00+00:00
6ddd6f5f-3302-4bf1-9ece-4bab53d180fd,UTR202608000409RZP,28686000,28076709,2026-08-18T10:00:00+00:00,2026-08-18T10:00:00+00:00
98bae76b-9ba6-4271-8bea-3a83746b6d4e,UTR202608000410RZP,24363600,23846117,2026-08-19T20:00:00+00:00,2026-08-19T20:00:00+00:00
293bbcb5-4590-416b-ad2c-18b013100a01,UTR202608000411RZP,32092000,31410366,2026-08-20T14:00:00+00:00,2026-08-20T14:00:00+00:00
bb22aa82-57a9-49b0-9e9f-3940987c4feb,UTR202608000412RZP,18384900,17994405,2026-08-21T16:00:00+00:00,2026-08-21T16:00:00+00:00
cf932744-4055-44c5-b664-9e02ae433814,UTR202608000413RZP,28034000,27438558,2026-08-22T19:00:00+00:00,2026-08-22T19:00:00+00:00
75ee208b-aba5-4ea6-8961-36a28bd164d2,UTR202608000414RZP,23220900,22727688,2026-08-23T14:00:00+00:00,2026-08-23T14:00:00+00:00
c28c17ba-e060-4de9-8b57-923cb24178ab,UTR202608000415RZP,30110700,28611752,2026-08-24T10:00:00+00:00,2026-08-24T10:00:00+00:00
57b39b9c-3220-4633-a1d3-1274a32ff3a1,UTR202608000416RZP,27793500,27203166,2026-08-25T13:00:00+00:00,2026-08-25T13:00:00+00:00
7b177544-a0cd-4616-8e99-b6b607d1bcba,UTR202608000417RZP,28541200,27934984,2026-08-26T10:00:00+00:00,2026-08-26T10:00:00+00:00
93a8711a-36f4-438a-bb2c-a1ebec2779ea,UTR202608000418RZP,28518800,27913061,2026-08-27T11:00:00+00:00,2026-08-27T11:00:00+00:00
af3a9b7a-3161-44c9-b169-91fffa56b36d,UTR202608000419RZP,21549400,21091691,2026-08-28T12:00:00+00:00,2026-08-28T12:00:00+00:00
e2f1c93d-cd06-47ab-b79d-51d390b44343,UTR202608000420RZP,32234600,31549937,2026-08-29T21:00:00+00:00,2026-08-29T21:00:00+00:00
ba387882-63f4-47a4-815b-a4596da5778f,UTR202608000421RZP,23766600,23261797,2026-08-02T13:00:00+00:00,2026-08-02T13:00:00+00:00
2f8e1589-0152-4054-8068-cf1e91d4ced6,UTR202608000422RZP,30800700,30146493,2026-08-03T19:00:00+00:00,2026-08-03T19:00:00+00:00
63382e23-1526-4c21-8017-f56cb7799ad0,UTR202608000423RZP,20673900,20234787,2026-08-04T17:00:00+00:00,2026-08-04T17:00:00+00:00
c761ef56-5f7f-4910-b21f-27b3c563995c,UTR202608000424RZP,22708000,22225682,2026-08-05T16:00:00+00:00,2026-08-05T16:00:00+00:00
be3a0548-da5f-4313-aeac-cb3234765405,UTR202608000425RZP,29220900,28600248,2026-08-06T20:00:00+00:00,2026-08-06T20:00:00+00:00
84cb3937-7016-40a5-a8c9-ee351ad74c82,UTR202608000426RZP,26586600,26021900,2026-08-07T13:00:00+00:00,2026-08-07T13:00:00+00:00
7407f061-fabf-4315-b08a-a2d0b434639d,UTR202608000427RZP,25548100,25005458,2026-08-08T15:00:00+00:00,2026-08-08T15:00:00+00:00
31e953ba-6105-4004-8670-ca433fea4fb9,UTR202608000428RZP,27488300,26904449,2026-08-09T17:00:00+00:00,2026-08-09T17:00:00+00:00
edb4674a-75f4-4785-9961-cd18a893ce16,UTR202608000429RZP,19911600,19488677,2026-08-10T15:00:00+00:00,2026-08-10T15:00:00+00:00
f55ae81c-cc41-4805-a036-43dbd84d6a4e,UTR202608000430RZP,27965300,27371317,2026-08-11T10:00:00+00:00,2026-08-11T10:00:00+00:00
54635ab7-de7e-4bbb-b297-afa336535201,UTR202608000431RZP,26125400,25570497,2026-08-12T14:00:00+00:00,2026-08-12T14:00:00+00:00
ff031a7f-12cd-4a1c-ab74-490f91f9a43a,UTR202608000432RZP,24754400,24228617,2026-08-13T21:00:00+00:00,2026-08-13T21:00:00+00:00
367bc0a2-f74c-45bd-a854-7187f141cce8,UTR202608000433RZP,17856100,17476836,2026-08-14T20:00:00+00:00,2026-08-14T20:00:00+00:00
09c2062b-283a-4dda-92cd-3ee77223ce1a,UTR202608000434RZP,21600100,21141314,2026-08-15T15:00:00+00:00,2026-08-15T15:00:00+00:00
8c379d71-2c3c-421e-8839-6d7a6f992772,UTR202608000435RZP,29653500,29023660,2026-08-16T20:00:00+00:00,2026-08-16T20:00:00+00:00
ee824d2a-90e9-4f1b-a0e8-0711c02977f8,UTR202608000436RZP,22443500,21966800,2026-08-17T11:00:00+00:00,2026-08-17T11:00:00+00:00
be7f8345-734f-42bd-b68d-0443f7143dde,UTR202608000437RZP,18866800,18466070,2026-08-18T15:00:00+00:00,2026-08-18T15:00:00+00:00
1ad6fa9f-52d9-49b4-a392-c8466658e6fa,UTR202608000438RZP,20873200,20429853,2026-08-19T17:00:00+00:00,2026-08-19T17:00:00+00:00
10d77b88-3191-4d75-aa83-c6a3f32df019,UTR202608000439RZP,28866400,28253278,2026-08-20T12:00:00+00:00,2026-08-20T12:00:00+00:00
815853e1-2deb-4cb5-a1bd-0558a79fdce1,UTR202608000440RZP,26438400,25876849,2026-08-21T20:00:00+00:00,2026-08-21T20:00:00+00:00
04b0692f-b780-4968-a94f-0d43d4200b82,UTR202608000441RZP,23157200,22665341,2026-08-22T12:00:00+00:00,2026-08-22T12:00:00+00:00
4115b0f4-6fb9-423b-955b-0d6c9965f4ee,UTR202608000442RZP,31051400,30391869,2026-08-23T16:00:00+00:00,2026-08-23T16:00:00+00:00
2313659d-c36e-48ef-8a94-4683f93d02a0,UTR202608000443RZP,31845300,31168906,2026-08-24T21:00:00+00:00,2026-08-24T21:00:00+00:00
132991d3-a051-42d0-95f4-1388eee27e7a,UTR202608000444RZP,21663900,21203759,2026-08-25T13:00:00+00:00,2026-08-25T13:00:00+00:00
e9012f6b-29f3-4549-8b17-6743929becfe,UTR202608000445RZP,26049600,25496306,2026-08-26T19:00:00+00:00,2026-08-26T19:00:00+00:00
1d47083b-49d8-4486-b346-9350e710dcdc,UTR202608000446RZP,25747800,24394979,2026-08-27T15:00:00+00:00,2026-08-27T15:00:00+00:00
957e1e70-ca50-4178-a035-9c046ddf8245,UTR202608000447RZP,25673600,25128293,2026-08-28T21:00:00+00:00,2026-08-28T21:00:00+00:00
aced0d85-5a6c-4bc4-92c5-c320715b9e06,UTR202608000448RZP,23059900,22570108,2026-08-29T18:00:00+00:00,2026-08-29T18:00:00+00:00
17d8f203-9d2d-4318-bf50-f7deb8eb88f3,UTR202608000449RZP,22900800,22414387,2026-08-02T13:00:00+00:00,2026-08-02T13:00:00+00:00
c523ade5-7c61-477f-b67b-a161cc2ea715,UTR202608000450RZP,25550100,25007416,2026-08-03T20:00:00+00:00,2026-08-03T20:00:00+00:00
7d12c127-e41f-4040-ad95-72d88f0b114e,UTR202608000451RZP,29716100,29084930,2026-08-04T16:00:00+00:00,2026-08-04T16:00:00+00:00
648eaeaf-d5d9-4708-8193-1d64c7485cec,UTR202608000452RZP,24658900,24135145,2026-08-05T17:00:00+00:00,2026-08-05T17:00:00+00:00
9de64d5c-c299-46e7-8e7d-ecf7c83a8357,UTR202608000453RZP,28835700,28223229,2026-08-06T19:00:00+00:00,2026-08-06T19:00:00+00:00
c64b2954-f43d-4e3f-8c5a-a07bf816cc5b,UTR202608000454RZP,22653500,22172340,2026-08-07T10:00:00+00:00,2026-08-07T10:00:00+00:00
4bd19b66-50db-4530-91a9-859e99a446fa,UTR202608000455RZP,28260000,27659758,2026-08-08T16:00:00+00:00,2026-08-08T16:00:00+00:00
1fa842dc-d5cd-4e85-9f39-d8b4dbbf231a,UTR202608000456RZP,24881000,24352528,2026-08-09T17:00:00+00:00,2026-08-09T17:00:00+00:00
b11c0795-5d35-4cbf-a228-5e84a56d8af6,UTR202608000457RZP,27387200,26756198,2026-08-10T12:00:00+00:00,2026-08-10T12:00:00+00:00
ec945c60-3dce-4507-ad38-dfc4c69396ca,UTR202608000458RZP,19934700,19511287,2026-08-11T11:00:00+00:00,2026-08-11T11:00:00+00:00
e63feb86-d4d5-4e2e-8a42-306c53e155f5,UTR202608000459RZP,19438300,19025431,2026-08-12T12:00:00+00:00,2026-08-12T12:00:00+00:00
b038e9fa-f708-4f53-880e-7e86efc24722,UTR202608000460RZP,27698000,27109694,2026-08-13T17:00:00+00:00,2026-08-13T17:00:00+00:00
566cc698-61eb-4030-b7bf-7570841aec6a,UTR202608000461RZP,30185700,29544555,2026-08-14T10:00:00+00:00,2026-08-14T10:00:00+00:00
39a00fec-f075-4dd9-8f98-f616dcafe090,UTR202608000462RZP,20038400,19612785,2026-08-15T18:00:00+00:00,2026-08-15T18:00:00+00:00
bc3e858b-b165-4132-b1dd-386308a41113,UTR202608000463RZP,29478000,28851887,2026-08-16T12:00:00+00:00,2026-08-16T12:00:00+00:00
c9100b21-2a4c-45b6-8241-d4c688b485bb,UTR202608000464RZP,25901000,25350863,2026-08-17T16:00:00+00:00,2026-08-17T16:00:00+00:00
aea198a1-5707-4466-8cd0-302e79f9bebc,UTR202608000465RZP,24331300,23814504,2026-08-18T12:00:00+00:00,2026-08-18T12:00:00+00:00
1168452f-06bd-4ec1-ac2a-34de130ca6f3,UTR202608000466RZP,26602700,26037658,2026-08-19T12:00:00+00:00,2026-08-19T12:00:00+00:00
c36ea327-f093-49ba-b692-169ffb0d0daa,UTR202608000467RZP,26802400,26233117,2026-08-20T15:00:00+00:00,2026-08-20T15:00:00+00:00
93688381-2393-4660-baab-3fc8b2ed625a,UTR202608000468RZP,29644300,29014656,2026-08-21T19:00:00+00:00,2026-08-21T19:00:00+00:00
9d2a44ec-81ee-47eb-80ee-f6e42ef7b9db,UTR202608000469RZP,24013900,23503845,2026-08-22T12:00:00+00:00,2026-08-22T12:00:00+00:00
9a5306c6-de30-43df-8c86-047e8270f7de,UTR202608000470RZP,22634800,22154037,2026-08-23T14:00:00+00:00,2026-08-23T14:00:00+00:00
fceab8de-b512-4da5-ba3c-3808005fe8e2,UTR202608000471RZP,26699900,26132794,2026-08-24T10:00:00+00:00,2026-08-24T10:00:00+00:00
b6181f7c-cef8-41d3-a7ad-fd6174e7f1fa,UTR202608000472RZP,31108000,30447266,2026-08-25T16:00:00+00:00,2026-08-25T16:00:00+00:00
41ce9b4a-b485-44ee-8bf7-a9f2acab748b,UTR202608000473RZP,21880200,21415464,2026-08-26T15:00:00+00:00,2026-08-26T15:00:00+00:00
0103b175-acda-4243-a40e-d5e30ba87dc9,UTR202608000474RZP,24076300,23564920,2026-08-27T18:00:00+00:00,2026-08-27T18:00:00+00:00
068df369-f910-4209-8d9f-9bb7ea301708,UTR202608000475RZP,21619200,21160008,2026-08-28T10:00:00+00:00,2026-08-28T10:00:00+00:00
eaca14e6-261e-414f-bd49-a56fded83f89,UTR202608000476RZP,29719400,29088160,2026-08-29T10:00:00+00:00,2026-08-29T10:00:00+00:00
479e7070-cb94-4c49-a228-26aac438a354,UTR202608000477RZP,30050700,29412423,2026-08-02T20:00:00+00:00,2026-08-02T20:00:00+00:00
c2cd6b03-3246-4abe-aace-491aea5a4d11,UTR202608000478RZP,25711500,25165388,2026-08-03T21:00:00+00:00,2026-08-03T21:00:00+00:00
8d46d7de-daed-40d4-8434-e193af23f864,UTR202608000479RZP,18853700,18453247,2026-08-04T19:00:00+00:00,2026-08-04T19:00:00+00:00
663eb9fd-b2bf-4e8e-afeb-d69248af9bb2,UTR202608000480RZP,31155700,30493952,2026-08-05T11:00:00+00:00,2026-08-05T11:00:00+00:00
a2894ae3-904a-49bd-9198-dfa3bf475154,UTR202608000481RZP,24452700,23933324,2026-08-06T18:00:00+00:00,2026-08-06T18:00:00+00:00
ba4738fb-4905-4cd5-93d7-76c252297c90,UTR202608000482RZP,24329500,23812741,2026-08-07T13:00:00+00:00,2026-08-07T13:00:00+00:00
736d90b5-9f03-4840-8fdd-ae3d93df8615,UTR202608000483RZP,25038600,24506780,2026-08-08T16:00:00+00:00,2026-08-08T16:00:00+00:00
77cc505e-db2e-4f6d-86c9-e475a1d76316,UTR202608000484RZP,30994800,30336471,2026-08-09T11:00:00+00:00,2026-08-09T11:00:00+00:00
6685393a-2b18-42f6-90a3-905762e81b0c,UTR202608000485RZP,23740600,23236349,2026-08-10T18:00:00+00:00,2026-08-10T18:00:00+00:00
efcc14cc-fb09-44a2-89b6-6bac49212452,UTR202608000486RZP,26694800,26127803,2026-08-11T11:00:00+00:00,2026-08-11T11:00:00+00:00
f006d33b-b84c-4d51-b8f7-a0bd3c905c5a,UTR202608000487RZP,23376300,22879788,2026-08-12T17:00:00+00:00,2026-08-12T17:00:00+00:00
db799142-1038-4a69-97c6-ff8d4511c33f,UTR202608000488RZP,28002000,27407238,2026-08-13T19:00:00+00:00,2026-08-13T19:00:00+00:00
b5fa69b1-f5bb-4baa-b847-491475643912,UTR202608000489RZP,28196400,27597509,2026-08-14T21:00:00+00:00,2026-08-14T21:00:00+00:00
c6ec6974-b93a-4640-a539-6d48e48aa800,UTR202608000490RZP,30398300,29752641,2026-08-15T15:00:00+00:00,2026-08-15T15:00:00+00:00
819f1176-7011-4f64-9403-cbd231897301,UTR202608000491RZP,24436500,23917469,2026-08-16T17:00:00+00:00,2026-08-16T17:00:00+00:00
7405f2a5-bb24-4115-9364-3eeec0ea6de8,UTR202608000492RZP,22377000,21901713,2026-08-17T18:00:00+00:00,2026-08-17T18:00:00+00:00
bfa2bfc3-768c-48ff-a28f-443f20dec968,UTR202608000493RZP,20466300,20031596,2026-08-18T11:00:00+00:00,2026-08-18T11:00:00+00:00
932ff2a6-48ef-47e7-afda-69ca7ab42149,UTR202608000494RZP,25293900,24756658,2026-08-19T20:00:00+00:00,2026-08-19T20:00:00+00:00
e77f3989-ed34-46f4-9a3e-724ab165c214,UTR202608000495RZP,31550800,30880661,2026-08-20T11:00:00+00:00,2026-08-20T11:00:00+00:00
fd895413-223d-47f0-ad7d-beb6f6148ccc,UTR202608000496RZP,22267500,21794538,2026-08-21T19:00:00+00:00,2026-08-21T19:00:00+00:00
c40ebeb1-ebcb-42d5-aa3b-a0a7167acbc1,UTR202608000497RZP,21707000,21245943,2026-08-22T11:00:00+00:00,2026-08-22T11:00:00+00:00
b95b60f4-ebfe-45a4-a00f-b86470cbac3d,UTR202608000498RZP,25961900,25410469,2026-08-23T20:00:00+00:00,2026-08-23T20:00:00+00:00
5a066b1f-9134-4370-bbb8-81d1e15dc680,UTR202608000499RZP,29925100,29289491,2026-08-24T17:00:00+00:00,2026-08-24T17:00:00+00:00
6319df6e-121d-4e45-9448-e746ea567488,UTR202608000500RZP,24090200,23578524,2026-08-25T19:00:00+00:00,2026-08-25T19:00:00+00:00
