id,payout_id,line_type,tax_basis_paise,deducted_amount_paise,expected_amount_paise
3e1c52ea-9072-45f4-9aa2-ba1dc56ddfa1,5dcc395b-a7df-4d5c-b671-cd209183d988,MDR,25525800,459464,459464
de69c7b3-4340-4816-bbc6-2f1c7b0a8f23,9e6dc5c5-ca81-4bd8-b816-97448634a7ed,MDR,23915100,430472,430472
b3cd08da-e09d-460c-b38e-3500c19d0fce,f4412a20-c26f-40dd-884b-fd64e5f6e82b,MDR,24323500,437823,437823
0ca580e0-0f81-4f90-af33-98c1421a8709,be46e401-e924-4e92-9481-6cbe5b5fd2ae,MDR,27805800,500504,500504
342e4d38-d06a-4b86-8e86-5e4121fa28fd,d504e47d-a475-4c55-b321-792029cdcef9,MDR,24192200,435460,435460
aceb1433-fe01-40dc-9bc4-f24fc5eb2daf,aba17827-bccd-44a3-9f5a-38a5e731e7d8,MDR,30506800,549122,549122
e3d16182-6dc4-4289-82f0-7e6224111d4c,7a0f2664-5309-4ca0-8202-23e8407eaf4d,MDR,27682000,498276,498276
51517bb3-caae-4f9e-a99f-8fee7f7e2042,628f62b5-5bfd-4867-a659-eedb65b4937b,MDR,26413100,475436,475436
2762edf5-7433-4556-85cd-d1ae504cf16f,10780613-318e-4796-acb0-57bee3c063d9,MDR,26623000,479214,479214
17acd839-0b56-4af6-99d8-3a815ccb1eef,85ee92a5-d65e-4e2b-9369-d02a19beb848,MDR,30717800,552920,552920
17bc8051-761f-4633-a4ab-a3f21be4586a,8f9d39bf-f741-4658-80e6-de14f1a13c4f,MDR,32902500,592245,592245
0b8c9fd9-136f-4d25-afe9-090926300723,6b97cc4e-30eb-433b-bee5-5cb4d0c0094a,MDR,25724200,463036,463036
204055a7-2e4b-4fcd-8d95-1ea78f8d468d,3636abfa-248d-4168-98e1-0a661bc1f61c,MDR,28891700,722292,520051
6f97544f-8d7f-428d-ad52-1aea85a17e5d,e38cb415-eb09-4f5b-aec5-faa58aec5227,MDR,26294100,473294,473294
9440d25a-0ea9-44ad-b255-14e72603c3a0,511ee8be-899c-491f-901b-1c499cba6c0a,MDR,27916600,502499,502499
f9805c55-0f7b-4444-89db-faafecf6cfdb,a3cbb522-fb42-4be8-83e2-1083d37e6b1f,MDR,19579000,352422,352422
f6f725a8-8791-445f-b394-d75156410d9d,d92d386e-a71a-49b2-b6a1-008545b4a84a,MDR,29464000,530352,530352
88bebeff-64f7-4f05-b08a-4f0a4e85a0b8,1593e49c-4459-4abe-89db-aa35f5f934e9,MDR,29343300,528179,528179
1e3deec1-875c-45c3-9498-0336189e7903,27129e6b-1fd9-4200-8dff-5efd2e1e97e7,MDR,28831700,518971,518971
95628bcf-9fda-46a7-9d6b-508168ba3fc9,c573eabf-a045-4a17-971a-7cdef9cf0f77,MDR,23789600,428213,428213
9b6ae5ae-f606-4564-910c-34fd857a61a6,a23d56ee-44b1-4d83-ac17-93a6885e8bfd,MDR,27870800,501674,501674
31d6564e-6670-4ce7-b44a-d5e0cc024fb7,0693b1d3-4dab-44b4-87a6-6887bba7163f,MDR,25328000,455904,455904
aa5409f0-b474-4248-b00b-2911c95a453c,98e32269-62e7-4f06-a673-677c46a065ac,MDR,33670200,606064,606064
55c22414-6b7d-4297-8d62-64d87c8275c3,1519200c-eeaf-4725-9477-61ed2922f935,MDR,24755600,445601,445601
f64b70d4-5573-4f03-9a48-50b1dbc44b03,0e5966ef-1a2a-409a-80f8-18abafc0fdec,MDR,27575500,496359,496359
6a7c9abb-550a-4ff4-93fb-2f9923d8f17b,9fbaf5f2-fd4f-432b-8acc-4271b530617b,MDR,26528600,477515,477515
6a01f99f-fe41-407b-b877-5e2dd813ebc5,1ceeb858-f320-4f04-97de-c93b72ca081b,MDR,33697100,606548,606548
6f2b34d5-0966-4cfe-9af7-ffefdfb8994d,6e4f2a3f-c1e4-45b1-b671-87e7c1c52861,MDR,33137600,596477,596477
a81d3d9b-7ce9-4bfb-8d0e-1ee4319f27f8,cacfcfaa-b9fa-4ad0-a5a9-0039db34598f,MDR,25233800,454208,454208
81ec051f-d8e4-4388-91ae-2fc9112f2497,4b3b1e2f-11e6-44a1-bc68-150b8b1864dc,MDR,24543700,441787,441787
d8c6ab5e-1f70-4bf1-800d-900d5efe830c,40674644-4d17-4d82-b8c8-f219faa5c046,MDR,24303300,437459,437459
d9c48d77-f747-43ea-a45a-6a05feb590ec,c71a6bfe-d819-4565-9f55-728431e0bc0f,MDR,23111300,416003,416003
0bd67b4a-1c4a-453a-9b17-2cca9617dc43,95309ca6-a014-4811-bd89-cf1ac5d6e253,MDR,25784600,464123,464123
2ad5c2a9-11a0-401a-ade0-af71cfb50547,402f89dd-acb2-45ce-9493-571f9de2479d,MDR,26479200,476626,476626
ea6415e0-d8a0-4d46-bc76-03a798668f5d,b153df33-84c8-4b0b-8e79-1c3a69cefe22,MDR,24854500,447381,447381
76906aaf-901c-4048-8d2b-f58a974ac867,29e846de-a139-46ce-8f3d-5c50d7f494b1,MDR,32961900,593314,593314
332ae4a9-a020-4c11-984a-1a87b814fbf1,0827a61c-aa1f-47ed-a23a-bcfa1a96cb2f,MDR,21368200,384628,384628
fe39de0e-7ca7-475d-bfe0-6bd0831fc328,52ace861-afe5-42e1-ae6a-e8881ba34122,MDR,26552800,477950,477950
a5f31be4-6dcd-4465-b2f4-ee1cff896677,fa391f73-7945-4a8a-bb0b-6b15845c1d47,MDR,27139900,488518,488518
f3fcb1fe-426a-4737-8746-a69c19b91d1a,2a9831bc-7e4d-4d39-9784-1026d171a462,MDR,34900700,628213,628213
f759d0b5-c112-41a7-aaff-c99ba96f7c48,32d89b0f-5c69-4ba4-bb15-34d82289c6be,MDR,26042300,468761,468761
9b8d464f-ca31-468f-9820-7454f144b2f5,70ff75e5-0798-4430-b23b-5b110c96216e,MDR,26842600,483167,483167
9c5f6cb6-f498-4dff-b111-55e4075fc67c,c17c49a5-ed80-487e-9aad-d189c282ce07,MDR,19597400,352753,352753
c3336963-1460-4086-a942-a52eddfc244f,29a7eb46-a51f-42c8-8bde-39672c307d5a,MDR,28913000,520434,520434
ddd049b5-def9-449f-89c9-e122e74cc176,a7a87e76-4bc7-44f9-b5a8-cbcf29f9a98e,MDR,23088400,415591,415591
6d3c219c-0be1-4986-b387-3d0b62a0c76a,e6d1a973-eb8e-4980-ad99-8ad1ee03740c,MDR,22701700,408631,408631
6fcfcd1b-319a-498f-ad48-e3762dc098b0,c328643e-93f0-4fd2-bde7-1e306ea8f740,MDR,20578000,370404,370404
f4393813-15ec-49c3-8f69-8da1b8b61834,daecbf18-0371-431a-821c-ffa228c450c1,MDR,19533000,351594,351594
37e7eca2-7873-4f1e-8f95-18a6cfa65564,49d5cf2a-dade-4daa-8fc7-975ab644c16d,MDR,28779500,518031,518031
2f3fb14c-31d2-458f-87df-bd54ce486f45,d68dfbfe-fc5a-41c7-8f3c-e13309194fd8,MDR,21304800,383486,383486
fa4c6c2b-5145-486a-9257-d9c8c53e1096,55b7f2cb-a650-4062-b510-66415137d4f1,MDR,28594000,514692,514692
e61cebc7-d7ed-4632-9381-78d9a67ddbae,6c498ec2-beeb-44b8-bece-d836fbf1a1aa,MDR,25113200,452038,452038
820bbac4-10a2-4ede-819c-08fafdd33c7a,953c479f-8251-4de8-ae2f-c5107b113b66,MDR,27250300,681258,490505
1c95df5f-7795-441a-a577-2519e30416df,78bf61dc-a055-4862-af42-7cfc8edafc1c,MDR,26131200,470362,470362
054a5724-b833-428c-b50c-93395ee72db6,bc24eaa9-bfd4-42ad-b048-5adb75565e75,MDR,21603800,388868,388868
fc607eb9-4def-4014-9ab7-d035e16393fd,05360695-65d3-4ac9-89a8-8625dcc9ffa7,MDR,26651800,479732,479732
94bddc80-24fe-45b6-96c1-cde79989b892,33f95a6e-a19e-4c52-933d-95fb66d4ce4b,MDR,25274400,454939,454939
3667530c-2dc0-4631-89df-083ab27147be,fa87f475-eaa5-4036-84de-f4074db1a540,MDR,23313900,582848,419650
ccb55e4b-69e7-4c83-a86a-21a6dd41893b,e99d30c5-7041-4ce2-b613-fd469d7b33a6,MDR,23544200,423796,423796
46c92146-5326-44e2-95f3-72922d10cf5f,09a49cf0-381c-403a-8950-ceab4bf971a3,MDR,23808700,428557,428557
f2056ed2-5e4a-4690-8c93-e8e7e9c97a88,cfc01a7c-f1be-4a83-acc1-640c932e94bb,MDR,31326200,563872,563872
61d29df4-fa24-44a0-be82-edb1c50f6be1,0d78776d-7c8e-4e71-a2b7-c5f7e06dac33,MDR,28378900,510820,510820
eabf33b4-f9e8-4905-9b96-58beffa2ae92,b4d62055-3595-4b79-9d2a-9ae2557e36b0,MDR,32308700,581557,581557
55fcf382-126b-4f01-a7c0-5b20e059cabf,27871621-b763-43da-a109-7725cbe231f0,MDR,28858400,519451,519451
aed51493-a735-4556-ba6b-5b5be0342152,11737a8a-eb0c-44bc-8d5d-8059175e0f48,MDR,27403100,493256,493256
760e0fe2-098c-47d7-a478-07117111764e,2f6b5a49-93f8-46af-bdd9-139fb727a1d2,MDR,27726500,499077,499077
716d2d5e-685a-41f0-9f5c-71544bd0b875,015a7ced-375e-4470-b459-52a66e789bf6,MDR,27069200,487246,487246
56dedfb7-37d3-40da-b4b2-e2be7f32b445,baea0152-bcef-4233-b407-93a30f4e5498,MDR,28738200,517288,517288
4f52d41d-269e-46bc-a7dd-ab68055ada47,2cb1afb4-d6d1-4e28-802c-52162269001a,MDR,23643000,425574,425574
c923df06-492b-418e-ad1e-bf5b8d5189f1,4ed4ca58-6853-41bc-a15b-b230256ca699,MDR,23605500,424899,424899
47a13308-478e-4ee5-aae3-9a489f6fb1cf,24207a85-0cf4-4348-8cac-e6c3c86b3633,MDR,28555500,513999,513999
a524b327-d1ab-4913-a127-4e8ad3437bd5,a5bd8ddc-78ea-400b-b400-ae533c3cf36a,MDR,33735100,843378,607232
d0cb33b0-495f-4dc5-95aa-12acaf761d86,93ba11c3-58f1-4e6f-9da9-fd22d74e761a,MDR,22028000,396504,396504
7c6f4207-6b02-4dc8-ab20-64ac0465d0de,6e430d8d-8937-4733-8787-ea61959f919a,MDR,30127000,542286,542286
9e63dbc6-5f9a-409e-bef4-21b123b3e915,d21cab33-c739-443d-be18-6305c5f5701a,MDR,24212300,435821,435821
256277da-62c1-4e1c-9547-c3b093bdbd7f,287cff27-83d5-459a-bd86-e301d1e6efe9,MDR,27716500,498897,498897
b85fa65b-3b51-44d2-b24e-4c5704c22478,02cd52d5-62f4-4a5b-89da-f2a87ccd98d0,MDR,21236100,382250,382250
31bc66b9-7c61-412e-86aa-41f1c360a168,ed668021-e8de-46de-acc4-fa55db4b81de,MDR,21394500,385101,385101
9254efa9-09fc-4dfc-89a9-a065cc16bea7,b3d56881-2c32-4eb9-b7e9-42e77002e978,MDR,29270500,526869,526869
3a215513-4f4a-4155-ba4e-99904e695dcc,470c5e42-5361-4ddc-a8ba-146bdbf521fa,MDR,26601400,478825,478825
1610b929-5607-41e0-891a-0985cb2278c5,2fe58f95-8a85-4609-990c-f577b14e5752,MDR,18971100,341480,341480
a7f1d2c9-c87e-4d7e-b755-22564fea393f,3daa3845-5afc-4f26-a023-9870b809ee42,MDR,33112300,596021,596021
20476dd7-f7de-4126-b5fa-9f78a1d76e03,bcb50218-9a9b-4937-8ad1-83ec7926997d,MDR,21984000,395712,395712
26b32279-334f-43aa-9f0b-be4f45a5f0f6,4ec0887f-0757-4b91-8b04-67be6b32d1d0,MDR,25733800,463208,463208
9039dfc2-7147-4fa2-9c95-3bb08eb7bed9,42683f66-bc0e-47a8-8052-3d2497982274,MDR,30113600,542045,542045
6481de95-cbc8-4449-9b10-ce9e3c97646f,e23d8058-a9c0-4401-a3cb-b468daa2615f,MDR,31640300,569525,569525
9de46544-ca9d-4a4f-8a71-9f585fead476,352b7124-2a0a-43ca-a6f4-6664fbe0d1fb,MDR,26275800,472964,472964
01b3ad36-eba7-4d24-a031-feee39933a41,4b8361bc-59b6-4763-8cde-f99de1af5e9c,MDR,21378000,384804,384804
b529fce1-1f8e-4bff-b41b-0d88e9585369,f337fc18-b30f-445b-a579-e7daa5c0afa7,MDR,28106900,505924,505924
c6e8871b-27f9-4e11-8d50-551b383277a3,014efe64-9c7c-4516-b250-fbef818c526f,MDR,26849700,483295,483295
d8810fa5-b0f9-4776-9f85-527372cd10c3,0827df8d-f35b-45cf-870d-6747a19407a7,MDR,27523500,495423,495423
0f6a2db6-ec72-4f67-9d2b-0b24d2c1adb6,2e2c701d-dfef-479c-a633-a8898a5ad971,MDR,27732300,499181,499181
264444c5-2f96-4033-b73d-648424d3b10b,0e641ef8-a94c-4ded-b0b5-89479414180f,MDR,20471900,368494,368494
d9b7a81f-983b-45c9-b450-45fa9e8c4608,4bbce817-ec6b-421f-8e8d-24c437fd73e5,MDR,26087100,469568,469568
349b1450-4c65-42bf-9876-3adb51729a00,362ee0af-2955-4d4c-bce2-7f986edb0c1a,MDR,29624900,533248,533248
bf2b9bde-3d3a-4c31-9b8f-217d964e46a1,bcb7f2ad-dbdd-4ee8-ae0e-91089ea3f96f,MDR,26783200,482098,482098
cdcc6731-b96d-4640-adbd-ddfb0bd92688,cdddb6ab-309f-4da5-9b24-259af0317f1d,MDR,31798400,572371,572371
38ca9d5f-d1b6-456a-b8d7-c0ccf0a94e59,7b2fd7b8-f88a-49ba-9f88-140a138be959,MDR,31082800,559490,559490
d616b00b-0984-4d24-9732-7d6ffbd7178a,4ad9f6d0-0544-415d-84ba-8028b37220a3,MDR,25530900,459556,459556
e4b00694-45d9-4ec2-9017-49cd4ab8ec12,ad9ecb38-3134-4832-b4f3-855604ded1df,MDR,24216500,435897,435897
85d38c4c-6db5-4837-83fe-bc29e04e3cc2,4f1f13be-7a52-4f0c-82f3-18c9a4be2f2f,MDR,25638700,461497,461497
f134d6a2-9391-40e2-bd5f-fbcc239cb074,15c5eacc-10bd-4eb3-b3d6-af47db7a6134,MDR,18325900,329866,329866
ad44f730-4d5a-4ce1-9514-76a5a9b059b7,bbd597ca-86f7-4ac4-9028-205967362a9f,MDR,25016500,450297,450297
ff6c2237-7f46-408c-886c-e8425c8af6ce,f2022411-403c-4c55-a833-1d95dc0d5b81,MDR,28182100,507278,507278
693afdad-9075-43ea-8333-7aa0bdf7a38a,301c49a6-c35f-4461-8fc8-daaf8b97031a,MDR,21143800,380588,380588
ff866037-3bc0-4e67-9118-8c197656b104,f831b044-9d9a-42d4-8421-3eac1fef35d9,MDR,27280700,491053,491053
74bb1b10-646d-4528-b886-7e5e503db6f0,432641de-8895-4c72-90bd-05f902e3f722,MDR,24653800,443768,443768
f98b800c-61fe-430e-86c3-dfd2fa602dd7,52ee8048-edc9-4097-9ba9-aeaf2868a36c,MDR,28218700,507937,507937
07d808da-beba-4e82-813f-d95896744652,83efd3d6-a12f-4e82-8beb-391b03047235,MDR,24664700,443965,443965
8265e27a-9412-494d-b9e8-693344b85d04,dd76406c-7dac-40e2-ae61-9f0020965145,MDR,22870800,411674,411674
383c6b86-6d93-4d70-8dde-fd92bdf6bb06,d03c87f5-f878-478f-b739-ebb6fb3584af,MDR,24401500,439227,439227
127a32b5-6526-496f-ad74-2056ce477a83,764ac301-6fdc-4b56-88b1-388714736d0b,MDR,33215800,597884,597884
1f877a27-9e0e-4ecf-8c18-54ef4a05e797,41924acf-0c62-4dc6-b185-5b709aa235f9,MDR,25694400,462499,462499
4ea52447-6e86-400a-9f66-915a8b044247,18d6b3d8-0183-423f-bb0f-b61b40f318c0,MDR,28564100,514154,514154
878ecc20-71ee-47ea-8898-fc8cd33514dd,01fb328b-1c49-4d45-8834-8542c59d343c,MDR,28396600,709915,511139
bd48d14f-c269-4358-81e6-d7cca4597c96,943dfe76-311d-4218-ae0e-2874605d350a,MDR,30661000,551898,551898
722d7435-307a-4c95-98d1-bab44ea5b717,7cc6b565-17c0-4995-a416-9c39a523c990,MDR,16965500,305379,305379
a5a98d34-8f3d-46fa-901d-1447af8385eb,2127d3f9-20b1-4c6e-a53e-5eddebbe0b16,MDR,23455300,422195,422195
22fedfae-d0f3-48a0-b2f6-58cc357e9a64,f488bcfe-8619-49b6-b5cc-c4ebe87a54f0,MDR,26697200,480550,480550
090e48c6-4332-48bf-8903-89096ea934a0,ea22d654-537a-47fd-a472-63f608424b42,MDR,24652100,443738,443738
d35be7a2-8945-40ed-b24f-ad08eaff81da,d479d861-a290-416b-a3ba-b8565587d82f,MDR,23197300,417551,417551
cd038274-2d11-4f6b-8416-bfd45b28d790,4837c581-6ca4-40c3-9be4-ad6f76e28784,MDR,23928200,430708,430708
ab201839-6f56-42c0-a6b6-d902f42df8f6,8b0e69d1-1466-4dc6-8201-5ab5e572d2c0,MDR,29130600,524351,524351
b247e0d4-ec53-4968-ae10-9ac57112be98,afe1d8cd-ef97-42c4-a35d-b53a4b72b2ec,MDR,24914100,448454,448454
57caaec8-f5af-4f99-8661-63db97d60cce,f331d978-80ce-416d-972e-fa98def80a49,MDR,29171400,525085,525085
b355f7fb-9e5e-4bce-b78d-621fa300e467,c80f9a78-0e4a-4130-b637-36542b177f72,MDR,24568700,614218,442237
9c60735f-ea53-40cd-9514-a2aa5909dbdc,f18abd49-24c0-4791-aeb6-318ae37c7cfe,MDR,23862400,429523,429523
8b35be5f-9fa1-4ded-8cc3-b34c097b405b,79a67df0-8803-4522-8596-5561d372f8b9,MDR,32048800,576878,576878
dd383a1c-94bf-4122-9c8d-1bdd4098ecaf,dd8c6e55-dd3e-461d-945d-a57cd39e57c3,MDR,30474900,548548,548548
9d40cbc8-59dc-4f54-8c7b-7b3897e037ef,e00c09df-7520-49a5-a01a-8fea140ec2af,MDR,29093300,523679,523679
f3ccf8c5-1bfb-4bd5-9dcb-867399e43308,00255316-4d1c-41fc-b2ea-0d966f80a825,MDR,30213200,543838,543838
576998d5-f25c-46c4-820c-ba56d56a9ffd,9421b91a-7bae-42b0-82a3-29cda1207547,MDR,23064400,415159,415159
859ec44b-7cb7-4d62-9e06-ce98fa77bd67,820329fb-aa97-455f-adae-e0eb0b142165,MDR,24485800,440744,440744
51b79412-9b11-4d1e-8f46-bf8a5d98e62c,3d1f2d2e-2935-4304-a22c-4ec40c6a0cd8,MDR,25309500,455571,455571
395689f3-c92f-4836-9cc3-f2a76c678e71,efc1a769-8779-4da6-9542-c6ddc0931b1c,MDR,27545500,495819,495819
ef513492-0c7b-436f-9a6e-039f03c161ff,24674b20-7fa3-48d6-8f88-174e76da6c80,MDR,31173800,561128,561128
6846976c-582c-4c84-9775-37f6b063e2cc,cd64d44c-9561-4e91-b0b9-c1f7ece90d76,MDR,26023700,468427,468427
86a4673e-0671-4012-b9cc-92281e5da282,b4f76277-2d94-4871-8fc9-efaf279cafe1,MDR,18696100,336530,336530
6b718f40-102d-4428-8596-5196628650eb,1743fa56-33d9-4393-94fb-cefab0d6c548,MDR,23101400,415825,415825
486e51af-9e98-4746-981a-071bf4a064e7,9b2595f1-30ee-4f98-b56a-57459f0f5c9a,MDR,27692700,498469,498469
d89571af-a5a4-4b67-baae-f85a9294b0f5,677f7e95-4a0a-4612-8bed-bf5acf2b4030,MDR,28699600,717490,516593
2e2f16bf-93ca-4422-bf29-bba03182d515,03063131-05bf-4a4f-b447-6c4642f4133e,MDR,22085500,397539,397539
8b911b2d-ae7c-4bc2-a4dc-ee1e7c21b356,31511725-81ed-467d-a094-501069b1baad,MDR,28065000,505170,505170
2cce3219-3799-42fd-9e00-329c19b0bf9f,8007dbf2-9b64-405e-b4c3-f8d9453b755a,MDR,28396500,511137,511137
501e1228-80ca-4ff3-9a07-ffd4c9d604e7,8d4dfb20-2477-47e8-808f-426a95b238c7,MDR,27151600,488729,488729
cfbb381a-bbca-4658-999b-1bc8fbe15bf8,1b132e26-9f83-4590-a38e-9a537f3db2ae,MDR,31414500,565461,565461
1883acdb-09e1-4ffa-84de-aec86df92e8a,cd2a4ce3-73fe-4687-9e0b-82e9db4b39ad,MDR,28796900,518344,518344
74b7ae6c-9b5a-445f-8a74-dd819699d51c,74ba899d-2186-4e7e-95ed-2166610ce1b7,MDR,25606600,460919,460919
e35a3e44-f3a2-44e0-8d66-0285a665ed0f,737531df-4f3e-48cf-ac0b-9cf0e351ecbf,MDR,18130400,326347,326347
55cbca5d-ea20-4b37-bc7f-5ea379ee9612,311f883a-97e5-47b5-b2f9-4d9f5eae3188,MDR,25589800,460616,460616
172fd595-0616-4cbf-8755-15e6bb341cbe,248fdae0-2dc5-4ed3-b13c-6bc06d7b5848,MDR,28583400,514501,514501
28e71879-1a4b-4aec-8698-dc41e65567ee,be0536c9-9fa8-4076-bf23-179cf4c126c4,MDR,30834600,555023,555023
8ba838bf-4ca5-4661-ad9f-5e59a593958b,5d9941c9-fc55-499a-8c01-222abf65083a,MDR,30657500,551835,551835
51cd148c-1a5f-4dab-ae79-f83eb7191fd4,40b28426-c6cb-45a2-b9c0-1e6e3ed3b2e8,MDR,24529400,441529,441529
043fa9e9-3f2b-499f-b73b-68bce1c9ce74,ed57b4e4-848a-4b5f-b1ae-4f7f79dcf9d7,MDR,23585900,424546,424546
6049edb5-f1f9-442c-a6ed-95fc70f7c615,b726ba0c-d33f-4c8d-8c40-fc178825def6,MDR,28441300,511943,511943
da923ba0-876f-4aaa-8858-046f5d1399ad,c79a9533-f271-440d-9377-6ea97acbcb5d,MDR,26818200,482728,482728
df2c7546-be0f-43fa-9fd7-fb9c2bb5a2b9,3839f503-3e90-4b4d-a9ef-2675a783e9ee,MDR,26754000,481572,481572
1eae6637-3848-448e-aed6-befaa7fd4591,6f31ef6e-5182-4f29-a6c0-6f26a0afe2e3,MDR,25920600,466571,466571
6db8607c-1e41-466b-a2cd-e073cc64d269,9840d783-a36f-44ef-8999-50a9b0fc34c8,MDR,22885200,411934,411934
5986a99b-0073-4ac5-ab40-425bd2bf2c59,59aac1c3-b600-496b-af8b-48d62e3b40cc,MDR,32660700,587893,587893
b14e28fd-549b-4610-9968-84d2730852dd,30ed5d6b-c45a-4af0-8150-45849eff06c6,MDR,24266900,436804,436804
da560bfb-95f3-4185-a664-a93b432be705,5c5ec860-2737-4e3d-a5bc-7df6de5feefd,MDR,20660100,371882,371882
a824212a-029b-4bdb-af2c-dd1e8161d406,68d9e0be-8e54-4425-9e5b-75523a6b4ca6,MDR,22253600,400565,400565
6d42323a-b647-4b3b-8616-b140eb8114f9,f19715ee-0eb4-4020-a483-6039e54c6a60,MDR,28932500,520785,520785
3898c254-a059-47b0-a688-82e460603221,573d3087-4e75-4e5f-a5b8-877a5f2afa3b,MDR,20886000,375948,375948
2eca92a1-cdc7-474f-afe6-6c08a6500275,0f19a739-ae30-4b81-b830-9e31e4f05b56,MDR,19506800,351122,351122
a4a229e2-01e5-4371-94d0-4c0a2b3acf63,62922c19-7e7d-4204-ae1c-0a904c06c326,MDR,27253800,490568,490568
09bd981e-0c11-49f7-bae0-39334bd0fec0,bde1d36d-260c-4379-b6b2-6a06da029865,MDR,29386400,528955,528955
527f7729-8474-4efa-8339-791a2708d334,960969bf-eb86-4ce3-8953-0e560cb59625,MDR,23531400,423565,423565
1ceabe30-7c89-4a4c-9241-10f0912569b3,4c003741-166e-4b15-ba35-dbbb16d03453,MDR,34246000,616428,616428
6658ce1c-a639-4cd5-8213-f0437112b203,45291197-b725-4ae8-a603-cb320762737f,MDR,28096200,505732,505732
bc855d92-6909-4bf4-9f9f-1b6a6848cbda,88883d06-a776-4355-85b9-725a49bc2593,MDR,17110100,307982,307982
29705a1d-e306-49ff-a22d-fd955ddf77dd,10dbc58d-72c4-48ca-b258-6a326504a349,MDR,23102100,415838,415838
568f8782-601d-4503-be85-121b7790638b,7faa0d87-d176-4224-bc10-5565f25a4544,MDR,22895300,412115,412115
fd309fbc-f2da-457d-97ac-ff7316552f80,6791a629-b85d-4f42-ba97-a4d0adba2840,MDR,24665800,443984,443984
93659e60-eed2-41c1-b0dd-a607ded77d7d,5fceac3d-2083-4c44-992d-dedf770ce776,MDR,25991500,467847,467847
6f3db0f9-9011-423c-8f55-cb94ed47f606,04225d7e-35ee-453a-b973-fbfbd83f35b1,MDR,23231000,418158,418158
50df6a02-ec85-4fe4-90e4-e1e96d168bb6,a81098fb-7252-4eff-b67f-0ad8044b357e,MDR,21635900,389446,389446
858c6a69-ceff-4279-a6f5-cbfa309c120b,b0dfae93-b8a2-45ca-a4a9-5929d3dbd933,MDR,32260400,580687,580687
9cb98a1b-7d8a-4915-b56c-65f702be8dee,e106d4e9-872b-410a-8382-e3686db8d219,MDR,23023500,414423,414423
165d0372-626e-474a-885c-8690543c8b35,6ac20914-1add-4214-991c-32fa8f641edc,MDR,25359900,456478,456478
a4badb40-a47c-41cc-9b51-801b64b870de,04b84294-8152-4161-8165-5c5a1b183a8f,MDR,29457000,530226,530226
f52b4ea4-d897-4b04-9dd2-f4fc42354efc,7e906880-f38c-48de-9bcf-fad109f183ac,MDR,23921000,430578,430578
b9199c4a-a235-4b78-8087-e605bae6c475,e6f71fa4-eb6c-4971-8e21-56e9975f197b,MDR,26232400,472183,472183
90cbd595-e811-499b-9cf2-813d6193adf1,12f7b160-4553-4e71-ab19-9b24760700dc,MDR,27080400,487447,487447
22561c64-47be-4d94-a8d5-828001a87cc2,c5033f9d-52b1-495b-9c8d-6972a98aeadd,MDR,23000800,414014,414014
865c0896-1e38-4a4a-8632-f38a1df3befb,15375d3e-ac2f-47cb-9f63-d358e4085feb,MDR,28130400,506347,506347
e6fd9b78-570a-45be-b2c0-d02f952f9149,a66d93e1-c136-460a-b4a8-44334dd38304,MDR,27101400,487825,487825
436e6d9b-92a9-4117-9835-5c153f9e7477,601f152d-9405-43c8-b285-69f440dcf3fe,MDR,23840100,429122,429122
d214f61a-13e9-44c8-9622-5dbfb3bee78f,99f24d45-90ae-46bb-9b58-c5145bfa5b6b,MDR,24727400,445093,445093
9a5171ce-a5ab-458c-bd19-a474e858b812,d853f070-6843-4ab2-a96b-3379b8645101,MDR,22639000,407502,407502
6251a59e-3dc1-482d-b704-5b17af59a020,31692aad-64cd-4ea8-8443-0eda789d9f5d,MDR,26425000,475650,475650
5527f61e-b728-4938-a06a-b90d28405d28,8a112f11-8129-4bf0-a94e-6cf044dcb671,MDR,18209100,327764,327764
1ab62eaa-5988-456c-bb82-7f79e719217d,217b9f32-0458-4da6-89bf-91abc22663be,MDR,23398300,421169,421169
8dc3fc90-9625-469c-a839-67a0524bed55,88328a0e-3fcf-4445-a067-1448fb80ae68,MDR,23318400,419731,419731
2bd1073a-d304-45b6-a040-3770abe860ff,546cecea-898f-4f45-93f1-c1ca74e1051f,MDR,25194600,453503,453503
9fb465aa-a143-4123-9533-dde8f07183ed,10ea1b6f-e470-4e8e-9da9-860a3159eecc,MDR,30969800,557456,557456
aa658a5c-a23a-4b69-9d60-153be495edac,70f8c562-3d17-46ee-980b-74e9facb0d7e,MDR,29397000,529146,529146
83404303-3442-4c60-9339-c54280faac3e,4f8473b0-1bdb-4a40-b389-7a3328d1dffa,MDR,28193000,507474,507474
ccc068c0-0fbb-4f75-bab6-9ba8c21cb2a0,8ceb7375-7eb6-4917-b593-cb0907f5930c,MDR,27132900,488392,488392
4fe72aca-6338-4ded-b0f6-b1fa465ef6a2,6e383a22-7a04-4536-adc0-c01a3bc8bc4b,MDR,25690500,462429,462429
0595f23e-1582-4b1b-8462-c631d269c7cc,bd2c00ff-9be7-486e-9a47-b064c382e231,MDR,24399600,439193,439193
5495a548-44f8-475b-8fc4-6cef7f4e05c1,ae3246aa-41bb-4887-a222-b8b27d47cc0f,MDR,29566800,532202,532202
b482ce51-64cb-4082-876d-73bd26308619,3c8200d3-30e8-488c-8121-28bddee1856e,MDR,20876700,375781,375781
fda2691f-e5b6-4645-ad44-34f5ee372c9c,638b583b-2587-47b9-9517-2074d36ac352,MDR,21656100,389810,389810
0fb71c1f-b202-4622-96bc-29f0989a0003,b3584e7f-df93-46bc-bee0-27977d329744,MDR,27457400,494233,494233
ad5f9f1a-7ab8-4f17-bbf7-79133f57105d,a1fb79e6-f2c3-4df3-bc67-3757f0f13d75,MDR,26689000,480402,480402
cf60846c-7254-4260-8a43-59737efd43b9,cbfc421d-7c96-46a0-9519-64cfa76d7fff,MDR,29328500,527913,527913
3091bb6b-370b-47bc-aa77-519a8d896133,4e172cfe-700a-4505-badc-111e2e5360ae,MDR,27049300,486887,486887
4c4b544d-fabd-404e-89da-f5693f21dd6c,2e633eeb-dcbe-4afa-a2d7-d2ff4249baab,MDR,35091400,631645,631645
b2de07be-40a0-43c3-adae-280e9ccc4ac8,c2e89a30-c2e2-4446-bf1a-7a832bbd4a4a,MDR,24151100,434720,434720
c7097f37-402f-4dda-9321-b644d94c031a,4f205ff3-bc15-4cd7-a2d2-d5320bcf7e77,MDR,24201400,435625,435625
e141b3d8-e6bc-4f75-b79c-6291656bd937,b37c7983-dffe-4569-9a03-53363077f90e,MDR,29474000,530532,530532
b6841237-9130-4b45-bc67-4b57b2a715fd,a70ab796-bc2f-4b63-b335-ae8e3ded5e31,MDR,28187300,507371,507371
abc5f460-4606-4038-afa8-7be14dcfe09e,6d9a6dc2-e9e4-4f3e-bd46-f17d4c6e4f20,MDR,24142800,434570,434570
905dcbc9-cdda-4feb-9295-b81496d47763,343d6888-89e9-47a3-ba24-efddd73c5611,MDR,30571700,550291,550291
4a13d151-a62a-4794-8473-d9e751533b36,0d7e2fa5-2d3c-46f0-9059-fe02dc132956,MDR,32496200,584932,584932
46e4b74f-a445-4713-b77a-bca15df9cba9,4b557b6a-7964-4ef3-9193-2d2dcbcd827e,MDR,24176200,435172,435172
9de96dcd-eb3a-4173-83d3-9252b4a6a38f,4e983bfa-732d-43e7-a8eb-b0e5fcb73d2e,MDR,20572800,370310,370310
8677a24b-cb1d-491b-b9ff-cd5decca2d3a,61d92f45-7626-4c44-ac89-2facf6512942,MDR,21083700,379507,379507
d648d242-dba5-4710-ad10-d80bc42b0fe5,0673fd59-8c30-4d47-9d85-f8edde7bbe5f,MDR,23694600,426503,426503
501994ff-254a-4ad0-928a-f635c26d80db,183843f8-3401-4222-8567-e5e6b35fca20,MDR,33106600,595919,595919
4e3377ad-4ab9-46f1-92ae-f19e1a03b380,9fd0af31-604a-4713-b0a8-16fdbb330a35,MDR,28290400,509227,509227
fb70ee76-d72c-4fe9-a5c3-cd18c7d72f1d,5ff17440-4a29-441a-8760-b4612b954741,MDR,29811000,536598,536598
24d84164-1944-4805-804a-5b60b5878818,7270a9dc-6b4f-4d08-b4b7-6be0ec85724f,MDR,26575200,478354,478354
48555c2c-8ef4-43c3-99b1-d0f49c0d1d37,ad2ff675-1703-4f39-87ca-28501072674a,MDR,26722300,481001,481001
bf42a60e-dd7e-404c-b4dc-aaf5f2bbc424,e58f6505-a408-41d2-bd01-f9f72397fb8e,MDR,27339400,492109,492109
303c0f0f-44d4-44f0-a0fc-8ae25a209c3e,62f104e6-8ba6-40d5-ae97-e84716ba416d,MDR,20781100,374060,374060
e8324639-d544-4728-8039-aa59543c493f,20cf2380-80fe-49ae-8e12-0ca3d6c11e68,MDR,26036000,468648,468648
ec1ef07a-b70f-4916-8234-6af3c18e115a,26de2e90-85ec-4e16-8df4-2ab16f3913a7,MDR,26282600,473087,473087
17f7dda5-b9b6-4755-976b-dc48cb5001de,f8d1b401-9a09-4b83-96f5-c2e25192a274,MDR,25960900,467296,467296
9e4da103-fc1a-4e08-82f0-b57baaa4608b,fe18e294-47f9-48b4-901d-5a09b9efb67d,MDR,25485400,458737,458737
4b8181f5-378a-4b08-b2f5-a974e0c77261,0c9474c2-f9d4-4e3b-8881-b60e94fb9fc4,MDR,25757500,463635,463635
68f6a95f-81f1-483a-8271-7292e2da9990,2ac9393d-7160-42a7-8e23-704da5215c92,MDR,24073600,433325,433325
976d3d7a-e0d3-4f61-b539-c73330fc6482,8396d3b5-89d7-40ae-8da0-26030952809e,MDR,30207800,543740,543740
7fb1f473-d243-4f9d-8690-4a6b90835a4e,1946fcfb-2aa4-49cd-aa45-6fd42f3855e0,MDR,25959300,467267,467267
090dc607-ac57-407f-a34e-fed3eab5c8c8,245324d4-5560-440b-896d-02b354710111,MDR,25962800,467330,467330
206435a0-94d7-440a-b477-e7e2da760ad7,d1af0f12-7c01-493a-85a4-1cd91a389ed9,MDR,27029400,486529,486529
de430c9b-e500-4f2b-be90-e3d69fad4d0b,8df91a6f-1024-4a28-9c6c-b8d5124713bb,MDR,26617200,479110,479110
b3634080-1f3a-4023-bf77-dae519a6f9ad,9ade3871-b2cb-4984-ab26-7bc588aeccb5,MDR,21820700,392773,392773
b8f6bf71-6f3e-4df2-b77c-c503cb615f9a,d097fb5f-0b79-45ae-a32a-9a6e56680a4c,MDR,22886900,411964,411964
74060d91-df50-45f2-abe8-53f948acd2cc,f2393a3b-0ecc-4bb6-ae33-13a756d542cb,MDR,22881600,411869,411869
6fc65f8a-9e80-4197-827b-d095eb695789,b241d349-7d6a-40a3-94f7-170fe6e89bfd,MDR,29754700,535585,535585
79e7e29b-59cc-4a63-9e9e-25c443871bf9,0dd87c96-f9f7-46dd-b559-9aa3ee4a8b44,MDR,26663900,479950,479950
fabed8ca-8017-4802-85f4-d9c0d510b712,4b7444e5-b432-44e1-8009-be669c7a6243,MDR,19891500,358047,358047
03c65518-9146-4d77-860e-49ba6b8ed0ee,3f8b5af7-fc35-4fca-82ea-57f88cc0716e,MDR,30476100,548570,548570
efbe6cb3-0fa0-4cd5-a3f7-fa04bc60a053,8b95e6f8-b159-4b85-8f14-5c77e98e1f1d,MDR,25988900,467800,467800
345f8994-d4d2-4a21-95e1-ecafc32250d6,a5631cef-93d7-4138-8fae-03f5ab7fb825,MDR,25820000,464760,464760
3db3a812-c25c-4b9a-a512-f9d2193d1ae7,cc6b6872-e5a2-4a4b-8048-726f27e3318e,MDR,28070300,505265,505265
8338fd1d-cdab-42cc-882d-10c3230e0660,4bdf26a7-0c52-4547-a784-5bce7d00e686,MDR,15660500,281889,281889
44b26097-5e52-4132-8b45-0b7d4eca2aca,68850035-626f-4194-8818-60c5a405a94f,MDR,30239600,544313,544313
5f359b08-0736-44c8-a8e8-5271bab2e671,834b229c-814f-4dac-9e0d-4cad920c022e,MDR,30434400,547819,547819
affa8045-80e0-4b71-8823-daaf35889980,97457377-05f9-466e-b2fa-81b21da508e0,MDR,22416900,403504,403504
af920d7e-c720-4577-83cf-eb298876e4eb,fd0350b1-c1b4-4258-81e1-c14a29c33208,MDR,23594900,424708,424708
af542b51-3d1d-415e-9ba4-ac484e016888,9aec9cf5-aaa5-4164-b2b1-2c7269b64e63,MDR,26053800,468968,468968
381ac044-95b3-4c37-82b4-a0b3a6d34bd6,5a1c6f03-4adc-47f7-8f60-c3370fac03ec,MDR,15876200,285772,285772
313c6371-aa39-4b19-9a8b-bc2e2b92b58b,89addb88-2f4d-464c-8181-53d0adfc71ec,MDR,26218500,471933,471933
0a46c307-d533-49d2-b739-dcb5aff16850,12b9ee03-0557-478f-add4-d22cfff266d5,MDR,26243700,472387,472387
005e94c7-1ea5-414a-a2b8-c45a3df60544,b572b3c3-cbe2-499f-948d-acc8ac3893c1,MDR,24436900,439864,439864
3f6c3342-5e2e-43be-a25c-5d9b733be1ed,a9acbf0c-3dcf-41fc-9339-b35aebd9668f,MDR,23149400,416689,416689
8022e355-4f0b-4eb4-82e3-dcb0c5f3f051,737a41da-ecd8-4050-8eb7-fd016acd79f7,MDR,25708900,462760,462760
63c69c47-7d01-4ade-96b1-c3fc65fadd2f,db03effa-0bd9-48c7-b9f3-62b82913b728,MDR,25805800,464504,464504
6a0c55bb-0e0e-434e-91a8-449ae780a95f,c4adfe87-6f13-4d08-a058-be920a0b0898,MDR,26751400,481525,481525
9f087574-d02b-448b-bbe4-6dbf33c1194c,74cb08c2-c3c4-44c9-8283-429ae3a9a95e,MDR,26282800,473090,473090
363fdfbd-26d0-4f58-871a-25dd6febb5b0,baa0b699-f711-4623-be77-dafbd5141422,MDR,25966500,467397,467397
f31de872-b14d-4b48-abe6-3f2fd8cee78f,cfc7f07d-7ae6-4dcc-8a97-715e36d2ab56,MDR,21539700,387715,387715
f122d2aa-e514-4192-9c80-b3bdd11b5955,396f7f89-7bf0-45f5-9f86-bf552ec45593,MDR,20054400,360979,360979
8089873c-fd15-4aae-b399-ba57033b8336,ba9a94a5-6770-4a9a-b477-189a129b5866,MDR,18457900,332242,332242
1aaad267-3863-4e86-9fae-0a63f462614d,9791d2a3-f9ca-4538-b36a-f7ad3c00e48a,MDR,23952500,431145,431145
3b639f92-3136-4869-9f06-c4d367f362ef,d64962b6-08bd-45ee-8ae4-3058dc26be74,MDR,27249100,490484,490484
457d72de-1556-4d47-bd0b-835caf9cf436,ea67f416-45dc-46e1-9e04-e90e597f6f00,MDR,29403600,529265,529265
f38d65e1-073b-4a6e-9d40-258bcf1c307d,12c0e814-469b-4b1a-a2f0-6c2e83c224f8,MDR,21299000,383382,383382
1745a2f1-9cde-43fa-8e3f-04502ac14c97,0df37fbb-461c-4110-ab85-ebb0ecfde15b,MDR,19916800,358502,358502
6682ebfd-534f-42ad-bda1-0632f978659d,f70a39f3-14a9-4a3f-bfc3-b7eb42607540,MDR,26394500,475101,475101
a0ee2de6-13ab-47b3-b55d-a93d779b7971,bc867ae2-e034-40d9-8740-38d0163b93f4,MDR,29314300,527657,527657
e95f5dc2-276e-4453-b4c6-7c2d90e64fd9,40316529-c65a-4aeb-a30b-5c39a3d9c7a9,MDR,28799700,518395,518395
393e8631-cdd4-40f2-b859-b09246b099ef,aea336bb-9c8f-410c-a0b6-2e2fdb088aab,MDR,22953200,413158,413158
17b50652-a881-428c-8142-518d08a17f34,199298df-82c8-4397-a9e6-676ec47bf379,MDR,22940900,412936,412936
dd4b57c9-86ac-4935-82f8-8717e835caef,17dbed23-d2b0-46cd-8998-c5be9d3dacce,MDR,21390100,385022,385022
9a1eb4fd-8dce-40c4-9240-c178c76b1251,17e06ac0-2ba2-4c52-aa5a-547d9f507b46,MDR,26132500,470385,470385
6aa0d068-6765-41ee-bea9-7d34ba5c1849,a1e293a8-b12f-461d-9154-dffd10608674,MDR,28598900,514780,514780
018bb48c-6ba0-4290-8a30-3fee14457d03,7028cfc1-5562-47de-926d-0ce84423d904,MDR,24583200,442498,442498
7783a36e-4a6f-42fb-ae90-95de0d447d12,a0ef659d-3bcc-4234-b910-bb9e652e8e1a,MDR,31790100,572222,572222
91bd89c3-aa87-4d36-a51b-badaca7636b6,549c61c6-c294-4a01-bd34-e212d660a808,MDR,18764900,337768,337768
d270f7f8-360a-4c8d-add1-af2018ef6994,c2d6bcae-3df8-4c84-8f1e-2dfb5e9d27c9,MDR,23362900,420532,420532
899e2c2e-ee22-43d2-9888-52561f3ce98c,d5d975fc-cea1-42a4-b058-f271f9cc6929,MDR,24192300,435461,435461
8de77d67-613d-4c6c-b349-b9a9ca521ec4,ba69cee1-1d45-4267-8334-f8aa371326ad,MDR,25294600,455303,455303
99d42d04-8054-4965-9f22-df3fd8b5c76f,2d892469-dcb8-443d-8f8a-529f43680641,MDR,24986300,449753,449753
ba19973b-d3ef-48d4-86fa-91088f5c5497,8206ff8a-f7f1-42b2-8bb6-9ee3044336d0,MDR,24474700,440545,440545
2a19f43c-ae84-4328-9cbc-4252e96d2a78,cfc32372-d147-4104-9d59-f9792b08e89f,MDR,28319500,509751,509751
3796d74e-ffc6-42d6-9d37-7119314d35e0,297909b2-761e-4b96-95fc-81aa3359d15a,MDR,28078100,505406,505406
964ff7a4-c8ac-4ffe-b5cf-b310a9ff1bd3,b263ef8e-4820-4157-b5ae-bf89f835719b,MDR,21687200,390370,390370
a800d9e7-e6d9-4cf5-baac-ca9ccffd475e,9544e5b8-0608-4efa-9936-fb6482a6533b,MDR,26938800,484898,484898
2a9d2733-2d5b-4b7a-96eb-05d520e14951,57f0a7eb-83bb-45af-876e-de919ab00430,MDR,28707900,516742,516742
5f226ee5-8d7f-467d-80d5-7d7699c64a25,dd1ce61f-db1b-4cb1-9f71-5033b0b9e175,MDR,26531500,477567,477567
bb0ef836-b8ca-4333-989d-a4aa5b964d8a,fb17ca6b-cd58-4d95-ad4e-fe6e1bbc1a70,MDR,27275900,490966,490966
bd2b3b26-8854-4047-b749-bfaf269b63fe,f3dcbbdd-2195-4d20-9835-fa22567a3b27,MDR,21858600,393455,393455
71993db4-368f-4a70-b04c-51052d8d248e,f2f15c85-4335-4276-a604-e377d1588073,MDR,20263600,364745,364745
beee3f95-10f9-4140-95ce-12a3c4850651,d003dca1-f8c4-484c-ad29-8c6cc2013a4b,MDR,24735800,445244,445244
0fa7300e-3599-4827-8766-d42384e3d744,891cfe60-208e-4e68-b645-27cbd4741976,MDR,25277100,454988,454988
680a608a-05dd-48dd-a9b3-3464695327b8,1f94e11a-fe20-4365-bd31-d61f68bada57,MDR,28207900,507742,507742
7ec09a16-3602-4b15-bce7-6831cea3c812,dc51c898-756b-4eb9-95a2-6419d56552cb,MDR,24939800,448916,448916
5cd02143-77ae-46ec-905d-54f0987b045f,df89b5f3-af9f-4135-a268-a1a32e5767a0,MDR,29177900,525202,525202
fca52633-b4df-4d68-9ab7-2f50832a1306,04d93c1e-7a68-44d0-961a-ff6f506cef73,MDR,22732100,409178,409178
a8b5c24d-910a-4365-870b-cc67d7000667,2627f7a4-edfc-4403-81bc-6c664ac92c17,MDR,24997800,449960,449960
681691dd-33c1-475b-b686-0be9ee1f483b,4410e1e0-71a6-4bb0-80d6-13f8bfb1e9ed,MDR,26116600,470099,470099
3de31a9b-d8f1-4871-b4e8-69133ec157ce,82caf4d8-4092-44d2-a6e2-0adb26b90016,MDR,26534500,477621,477621
4e6c16fc-0441-4fc7-a5cd-586ace82abd3,f57bd42c-1d0f-4238-80ae-3e7b54670b33,MDR,19773300,355919,355919
a96de315-e298-493e-a155-ff3960417c5e,821e3be2-7c38-4ac6-b5ab-a8b0c46ea71c,MDR,26258700,472657,472657
f3c1a304-ecc7-4af9-978b-68386c098074,d9cfd61f-59c3-4cf7-954b-93ba3ec33eb4,MDR,22148300,398669,398669
d4ebf728-a1b7-4179-b05e-c4b1aa00681d,fa3cf274-4e0e-447f-ba42-5b8f8eb1eb12,MDR,33299700,599395,599395
e69e09da-63b9-4e9b-b328-5bd55e7e3b49,307dd7e7-bf34-4b22-88a7-13c10aa19ee1,MDR,26317900,473722,473722
5a4c3dc4-0476-46a3-98e6-85df7ed19c76,b8aa1082-c306-4ef2-8e2c-8b17b746ace9,MDR,24727500,445095,445095
c2025834-2a1f-4744-9d4a-5fd1bb3b45dc,25b93f7f-9707-4dce-9115-f44efd6b1a1e,MDR,21053300,378959,378959
c8fd9d66-3684-4bed-a93c-12c3184e4235,8cbc37ef-afb9-496e-9b76-55072ee63ef6,MDR,29807600,536537,536537
35b57177-cc9c-40ff-b06f-ca3fb60c98a8,43243153-4eb8-42de-bd59-a89ec83340e0,MDR,22802700,410449,410449
76ae85e5-0ffd-4e98-a48a-e2c0748120f6,280f6267-89cc-4f28-b16f-6b7872a36f98,MDR,27184700,489325,489325
d8ae8885-1950-4cb3-8ddf-7fca2bf8d14d,c4d0a815-bd5b-4d44-b835-9a581769b370,MDR,25727800,463100,463100
81a1d5f1-662d-43a8-9852-2e1e32e598f3,fb08515d-3d40-4b12-86ef-793034fb46fb,MDR,20845100,375212,375212
38bd10c4-2408-4f2a-a522-0e851cbf3baf,65300408-26d9-4ee1-bfaf-4dbaed06ddc5,MDR,25593400,460681,460681
8150c858-aefa-4980-b844-382ff499b341,7a17829b-5361-4c6d-b132-12c279c605c4,MDR,26688700,480397,480397
b0b1dcf1-2820-412b-985f-e27083fa6567,d38ecdb5-3419-488c-a972-d9e6cf5b67b7,MDR,23887300,429971,429971
c210a522-c7e0-457d-ae8b-36a35391c3e8,773f9e0a-5971-4acb-b5db-27c51d3fa321,MDR,22208900,399760,399760
f3431854-9d86-406b-9ec0-9b67432c822f,0d07e96c-512d-4cb0-898e-32af71e35ffc,MDR,20336900,366064,366064
0c039f1d-918e-476b-9f35-ed7232e99547,ccc82017-f341-49fe-8927-674ab3e6e0ad,MDR,21481800,386672,386672
5f12f402-8393-4a00-a042-5e7510050075,d7dcad9d-17d9-4380-937e-9bdf767f2c28,MDR,27198800,489578,489578
ebbd6e8f-875d-48c0-8f40-ca48c5f886dd,76090765-ce3c-4d85-b98d-580af8d9af1c,MDR,31536300,788408,567653
744ed91c-63f7-4063-8c8e-4e30b98d3d01,472678fe-b2a6-47e5-bdae-f5ac20f15b53,MDR,23902900,430252,430252
e15c0300-0b6e-4d52-8459-13d9a0bb360c,3383c165-6029-4f66-a340-1848b41a4b31,MDR,26063100,469136,469136
2af0744c-d796-44b9-9bc5-8d54769ee656,d3c3de54-41f2-47ea-8668-194593e1e57f,MDR,25749600,463493,463493
67849a65-6e48-4634-987f-20aa959e399b,45baa053-abba-4291-98f9-34dfba6b8afb,MDR,24728000,445104,445104
6319f35d-9bfc-4aec-9de8-d7432020a9b5,418f86d5-38c1-4d82-80f9-9235dfca4a54,MDR,26910900,484396,484396
ef583f2f-98f0-48da-8e01-c45b3e46852f,de76288f-6b9c-4cc1-9143-6d8c395a7e22,MDR,25226000,454068,454068
28946574-4414-433b-afd1-9f6c30a9d6d9,c90ea74d-63be-4caa-852a-467cece127f9,MDR,25879800,465836,465836
44f6d9cc-25ab-4428-a36c-1848049bfcc2,a41730de-256d-4f22-ae51-7a2b92917daf,MDR,27841000,501138,501138
512f519a-2e75-4101-87e6-d9f7a3fb711d,3ed2f9d1-7633-4bee-a2ec-c10e70fed9ab,MDR,27329700,491935,491935
0a606b4c-85d9-4aec-995b-a16f4388dd90,50a6bebb-8324-4bdb-a77b-c4717142d2ec,MDR,25313100,455636,455636
f8c5245a-9658-4cd0-b610-6f022e17f7af,c25c2f0e-1e80-49e1-b189-89d21d7ca02b,MDR,26897200,484150,484150
6cbfece0-107c-49fb-b17f-e8eed412608e,1d38dcad-b4f3-44e9-ac3b-634e09f7ca1e,MDR,16943800,304988,304988
4ceaf07f-0400-431b-b0df-86f380cb25fa,40e76c00-1c78-4637-8db5-9472eabb536b,MDR,28215200,507874,507874
03836631-142d-448f-9567-0d8164a0fee2,1794f9b3-17ce-4354-b472-640caec02304,MDR,25938800,466898,466898
369c9491-d0e1-4a71-a16f-9dc4531fe00b,1365efbe-5125-46da-9907-ad637ce1d08b,MDR,25866300,465593,465593
1f34bb20-c8af-4a32-a8cc-1761327a16b8,e554e09c-1f8c-4dba-b844-f80236d30ffc,MDR,28115400,506077,506077
5d9385e0-cab3-44a3-a96f-3214d0c09309,ee356c5d-3e34-4549-ae05-64c0c085a94a,MDR,20490400,368827,368827
65af1fb5-f9f0-42bf-80ba-e0fb9cd7cc02,987009c6-7b19-49c6-b5f3-fed4694eda9e,MDR,24921500,448587,448587
8ca8cad0-cc25-4b8c-aa57-31cc0e411a5e,3b4dd159-a934-4b68-b4db-4d74e29c9c75,MDR,25096800,451742,451742
7be53343-3d63-46a6-ba71-d3ac9e666779,e57cc4d9-6ea6-4555-8f78-7d2bf49cda8b,MDR,29105100,523892,523892
3578f71f-ed06-4a09-81b4-44178d8e32c5,95fab7e6-373e-4666-afab-1e75b337d0f3,MDR,27812600,500627,500627
000b8da2-6177-4ddf-90b2-8d5bea7790ae,b9bbbbed-b316-4b33-b53e-58b62605a2bc,MDR,28666600,515999,515999
c0e94caf-eaa4-4c72-a415-74fce45ed55a,aa694bd7-89df-4737-8142-32ca6fdca54e,MDR,26918000,484524,484524
a473badb-5773-48b6-a5d6-5f7646291c60,377de2a6-9b95-41ba-a0ed-5a085ad0530a,MDR,23348100,420266,420266
b4da40f0-ac1d-43df-ae7e-880e55ec8ba3,b0279cf0-9903-4a07-952b-89f4eef7ba41,MDR,27552000,495936,495936
7a27e88d-6b50-4c68-b431-732205623bdd,560a6e93-eff4-4020-82a8-afc0000f9b70,MDR,23156400,416815,416815
6082eb8a-7ee0-41b6-9f05-08c96e43a95e,63e2dede-78db-4f24-bad4-a47170c24c43,MDR,26931000,484758,484758
bd87dab2-35ef-4e43-af5f-a95dfc70e9e2,8257035a-0d30-4512-979e-0bbf486a0959,MDR,26731300,481163,481163
b51531bf-f940-4aad-9311-066b6743d448,d7575d55-dcce-42e1-89d1-9bec0e393b6f,MDR,20220400,363967,363967
ef1f1f1d-16a7-4c55-8b7f-d93eac4b2754,2eb9640d-30d0-4f81-81b7-0b77ceca0927,MDR,22949400,413089,413089
9ed30057-36cb-4408-b9a2-ab0a8b09e42f,c2cd2fb3-cabc-4344-ac2b-62d60b6bd4b9,MDR,25331600,455969,455969
81fcc6c4-08fc-488d-a88a-55708e6019a1,9e75a4ff-6c12-445f-a86d-01f2d0ec358a,MDR,20545400,369817,369817
d75f1246-4572-483b-999c-c2f1ad2e9e75,2bf7d5ad-3343-4ef3-a6a3-4861d1cb827a,MDR,22030900,396556,396556
21e6c20e-f479-4cbd-8a12-e61a18e8be58,d1572087-4662-4791-a207-fcc1726d28ae,MDR,23578400,424411,424411
3a3d9509-0e9f-4398-9782-265d681868ed,5c5d8ff2-6447-4a67-b360-69dd68ed3197,MDR,19417300,349511,349511
50891c75-c62f-41ea-91f1-2552eb88a8ad,1eee5593-2316-4544-9c37-342ea5415602,MDR,22518200,405328,405328
d87a3d7d-8f68-4702-8bd5-79d01e8348aa,9ce3cda8-6911-4b3c-a423-46d1d5cd3029,MDR,21830700,392953,392953
58586bf8-5aaa-435a-b508-cfe5295f3046,3e19a391-e482-456f-a7b8-5dcacfb015cd,MDR,18405200,331294,331294
8df71d80-a5c9-4984-b0d4-06190473681d,3c7e84d2-d098-40c1-a59d-e795a4beffd8,MDR,26447200,476050,476050
07f0135d-280c-4d70-8824-ec93b3b0d722,779de0b5-65e7-40cb-9f73-06d26e75141b,MDR,24683800,444308,444308
aba61fe8-4291-4b1b-8d05-6dd474deea72,4cb166af-cbed-4ac5-ad1e-954f2aead766,MDR,24426200,439672,439672
4e59f2db-c1ff-4a08-80f3-8ce46a50f696,4875432a-5a99-4d82-9132-b621e0a387a7,MDR,26758600,481655,481655
6619b317-d024-4f06-96d5-4edfbae2b6d5,67be86dd-d98f-433d-94a4-72dbeee25d6f,MDR,25790100,464222,464222
80276f69-d658-4b55-abc3-efd806f94a93,8c8cea74-01a7-435e-b53e-d29912394d53,MDR,21748300,391469,391469
ce5d5333-77f8-4aa9-8843-ac81df42a920,5b238b60-47c0-4718-a819-7fbae55cd1ea,MDR,18639000,335502,335502
02065dd0-ed7a-42f9-9d4d-2cf8b62c1b6e,d03dc987-dd75-4acd-a60c-204d355001e5,MDR,22614800,407066,407066
6ea99229-aeb3-4052-9728-c6a93cfc7433,012c19fb-e9e2-416e-add9-0cbd13cc90de,MDR,24992700,449869,449869
fff7c641-08f7-4c5b-ad59-7f2be04e5ba7,9329bff9-4e96-468e-97ff-bb1406fc0616,MDR,25025100,450452,450452
9e4ae738-2c3c-47ab-a3b9-1781168a6a0b,74dc44fe-b52e-4324-9020-c2d47641ed84,MDR,32203500,579663,579663
c1e836a4-2f70-4040-a067-b68c4920ab51,4116f126-54b7-49c9-a2ce-fd7fb593cd26,MDR,29828600,745715,536915
6335a9d2-eab5-4bac-bd56-afe2884094b2,14f7f44c-bf58-4c0f-82ab-704626c319cb,MDR,18928400,340711,340711
d8179169-704b-4bb2-bf4f-f9eba859485e,225ef34b-9b6d-48b5-bca1-744f9c0b2b79,MDR,26834600,670865,483023
2275d8aa-b69e-4cdb-a43e-73d3342c5be4,06dc4078-30fe-403b-90f2-eb1d1511a9c4,MDR,20586900,370564,370564
375a0744-1fc6-4cb7-9fec-8f5ee9bd7c06,6d90d7ba-f5c6-4a14-94f1-6cd4e6b5d739,MDR,25216000,453888,453888
23a949d8-8640-41e4-84f8-71ad04a9d443,eb25f03d-98b9-49cb-a9ce-a974bcdb2cbe,MDR,22330700,401953,401953
8ee39d09-c84a-4acc-9196-8125608ee61c,702645d1-682b-4c4c-85e3-893b60e61b9e,MDR,26379000,474822,474822
a1681a33-f445-4427-813a-cdddcbe90cec,821b7e6f-4896-4003-9364-183107bc1ca5,MDR,19946700,359041,359041
18921612-4ec8-4da5-a81e-99ce93f529d0,aea6030a-5472-4d34-bd4c-badeb307b697,MDR,21744900,391408,391408
d58dbf3b-67a3-4c6b-9eac-013845d7f5b4,b587faa8-4fa6-442f-a551-ed5299961b4b,MDR,25357800,456440,456440
81f7a486-2d9f-4897-8f36-63d167c68afd,8b87c67c-88cf-4f40-aae3-f83db34c946f,MDR,26313900,473650,473650
db218d4f-0a7d-4352-bc21-0b2056a7937a,427d245d-5b60-410f-8778-ab4c32527f02,MDR,27313100,491636,491636
c55ef635-8422-4d7c-8444-696170eb14ec,f86a29c7-b34e-409c-a0a8-f1ba18ce89a0,MDR,27196600,489539,489539
3e7737df-bdf6-4f32-85eb-d6bff0711359,7b5ab314-dda0-4326-bb99-acd8397d170f,MDR,26944800,485006,485006
84ed5e5e-56da-44bc-81c7-c054e9de23cc,ae45a7de-cf85-4727-9cc1-1785b29d4524,MDR,26536400,477655,477655
95c4d0e3-2370-4831-a362-5a2db57a0ebf,fe699edd-ae94-41fa-b0c5-2662a3f19ca3,MDR,22619300,407147,407147
a9116d83-ed31-4923-bd00-23a6a731ae74,4d1ab32f-a386-4cbf-a465-cc8d974020bd,MDR,23568200,424228,424228
740f44d3-a29e-4f65-aed0-4e23314bd912,c9b57c32-cee1-4218-8461-4e1d669bf157,MDR,23744700,427405,427405
93dcfa79-a29b-4e91-97fd-a03bba3f4139,9efb5e50-8b88-48b8-b4f7-0ae5e4223b70,MDR,24480600,440651,440651
4c0c8bb6-8a78-4a59-959f-f4e430a229ba,d04a7024-ebcc-4dd2-ac4f-e9c345bef6ad,MDR,26117900,470122,470122
844d145d-e909-40bc-8cd0-43aa1dbfc2e3,d097bd89-07ec-4bc7-aa41-a75ca95be153,MDR,27444900,494008,494008
8e62a888-4f36-497e-a4ad-f5dffe0a228a,80ec4a69-70ff-46ae-8f38-c75e838874d0,MDR,20690100,372422,372422
bddc3fae-fb94-4e27-97cf-bc2b7971d449,21837ead-f66c-4ca4-b229-c930f5b2cbbd,MDR,29524600,531443,531443
fd967ef8-c80f-42e0-aa22-af940142f819,07e51cff-fb8a-431b-b495-4d2307f9b426,MDR,30685200,552334,552334
bcefe9de-040e-4a75-9c2d-f43ffc1d6c34,d4ee8ed5-46d7-4b0b-8643-6bc32c992eac,MDR,22636400,407455,407455
4a3247b0-9d6c-424a-918e-a243f85bcf81,b3270b9b-3f98-4749-98e7-597afe7da4ea,MDR,23273500,418923,418923
86089bc7-fdd7-4bba-b24e-9536e6c65e15,8ed9004c-58b1-4ed1-9d0a-5a7185b98890,MDR,21831800,392972,392972
6a6336e8-bbc5-4452-8c32-5ed433c09b75,0eccd6dd-a607-4cf1-a41a-73de47b452d2,MDR,29092200,523660,523660
e1c8974c-2ebc-42e0-98c8-36985d83be36,525ed9b1-9963-491f-b6ce-3d088518fcb4,MDR,24518100,441326,441326
3768c848-f360-4607-b411-7cf0b45b992c,7a31e58d-09cf-4e84-a545-9738cee90aec,MDR,22058300,397049,397049
5b8c753e-2b26-4d3c-9d4f-e74d28b5625e,3d08f56a-ed92-4b21-b55c-cbd099b9368e,MDR,35809300,644567,644567
8017dfd1-9e86-4c8c-b449-8080374858c6,ec4b06d1-23bc-40c4-9693-f77f8a053a1b,MDR,26113100,470036,470036
40972798-f25b-485b-b964-3904499273b4,8819e520-bf7a-4db1-bba2-29504dd8ac53,MDR,27641300,497543,497543
0ddeb709-6300-4ba1-b101-6d9f23d579df,a27bf1cb-6fdf-48df-a4a8-5994498b5108,MDR,21986200,395752,395752
6b3ef623-23aa-4191-b380-82817f736371,00f26143-9cfb-4daa-baa9-f4a847f78137,MDR,24301800,437432,437432
f863d3e5-1bea-4d20-9842-124772105b09,9c904489-6092-4364-aa45-9b48fce03cee,MDR,25997100,467948,467948
a8bb3f77-16ac-422a-a9e9-d18112aa242c,bcb1ea38-a5b1-455c-84cd-d85e3445a072,MDR,27528000,495504,495504
8be5d5fc-8609-42e1-b499-1f41af515254,511b7522-b5dc-460f-9d93-fc3682a033bb,MDR,26638000,479484,479484
2911d1ee-bd12-43f6-bf15-a24fd50664ef,4999abc0-3440-4f86-9f48-289734260371,MDR,28638200,515488,515488
db2e3265-8c95-4079-96ec-0113bc9e92ef,a0b89c7b-1297-40dc-85c7-233cdc419e5d,MDR,24389900,439018,439018
4abb6aa2-1eb5-4140-b094-c5a1beebdd81,d8c2bd71-ef2f-4376-82fb-24db7dd8c336,MDR,23247300,418451,418451
379ea1d2-85e0-4ef8-97dd-19602504505c,c572e440-0b71-4824-9ac5-6f6a90882ee5,MDR,28858100,519446,519446
ed264fe0-3664-4f10-9203-8375c60be0d3,d36848c3-4183-4c65-a942-fc3bcf5d7080,MDR,29322000,527796,527796
c0cbfe53-0152-4fc0-a179-fd9034650083,55962a28-6ed1-467d-a819-70a0f162fce7,MDR,27581700,496471,496471
3bb84716-044a-465b-af4e-2e2e7dbb250a,4a9a3523-b817-4606-bb5d-e0583df3d285,MDR,28439600,511913,511913
da643057-1ac9-455e-8652-55fdcca7eccd,0bbb563b-87eb-4dcf-bf95-986544233513,MDR,19754800,355586,355586
5343ef69-29a1-4d34-877e-4e57251f6761,776c6e50-fd5e-49f0-bc72-773a8edfc88a,MDR,16228000,292104,292104
34a09d5f-802c-4ae4-84b4-a77dea0cbb4a,70bebca9-391f-481f-bc4c-efb4d1e07a38,MDR,24931700,448771,448771
cecaa878-e857-46a1-a228-799cd0698d5e,a6dd1a9b-2522-48ec-aa17-e222b97cba0c,MDR,29278300,527009,527009
9bea7280-b995-4320-9420-a6ad91691151,cf57dfb4-0bef-45db-8ed1-4260e26dad89,MDR,23677100,426188,426188
48add685-37ff-4a41-a089-14d5405147b6,193cbf8f-cab1-4da7-9afb-33a91b87d78b,MDR,27891500,502047,502047
b7325c64-cafa-47e7-9d4f-0a059c30dff2,9401c28c-7be8-4e32-9dc5-26abe7baee5f,MDR,24711900,444814,444814
16732ea1-17ae-4a57-97db-1310739feb30,bd912f04-92b4-4151-932d-ddeef1d08cf0,MDR,25382800,456890,456890
e26aa55d-1ca1-4f4d-b080-c528bb701fa5,f5043dd6-b1f8-449d-aeef-ea255cf97e67,MDR,29076300,523373,523373
76a39404-46cc-4613-84aa-f56ccf9492f6,570e8269-0c68-4f59-b7bf-48e4d1d87aa3,MDR,24839600,447113,447113
207ee626-8b94-4145-acd4-2ba01a18bb9c,effc3043-1caf-43d7-8848-f0061f0810dc,MDR,21738400,391291,391291
8348ef39-1849-4d1e-974e-c25420bb3f93,81de4ebd-63fe-4ccb-932a-a18000970144,MDR,25075600,451361,451361
07f85329-bd73-4dcd-82ca-44cf6d4a476c,b8e94602-52f7-45c4-b168-dade66550a0c,MDR,25666400,461995,461995
de783caa-e516-4503-8fa2-ad984dae4587,96d93557-b82c-46b2-9573-df59cb4b2e98,MDR,23042000,414756,414756
666885f5-cf35-4c32-b793-7d6a30ca2a79,6c0e3ccf-9110-4d7a-b147-11ae94a9b6f8,MDR,16684000,300312,300312
e66d9c3c-0662-4bcc-a1ae-580480624a09,fff0d83f-85c2-42f1-abe5-6b48640ec9e2,MDR,30859700,555475,555475
28712522-d302-49a4-84e2-2f865e3c3523,ad449e25-ecc0-46fe-b65c-fa9273a9704e,MDR,24675300,444155,444155
eadc97fe-4136-44d5-af03-be75bb8a6928,a39ad0de-c8d7-4c20-be35-db159f564350,MDR,24854800,447386,447386
ba1ea085-d1d8-460f-b6e5-0df66c44e3d1,161d14fa-d457-47a6-873f-6cf896f31848,MDR,30244800,544406,544406
88fc6308-c553-471d-bd82-a630fa5e2b4e,3dc02066-3168-4feb-84f7-ad956fa82420,MDR,30002800,540050,540050
0ff5df97-fcc1-4dbc-a662-a430163d25c4,9f685bac-77e0-430c-b17c-4b998655f056,MDR,35785000,644130,644130
c6a98cb7-39f7-45f3-bbe3-bea8083b6424,cff5775d-1290-4c4d-8825-fdeb88ee608d,MDR,27468400,494431,494431
07f2c319-effb-44bd-b0af-02aa676ec3fa,d9d7d8d1-c85d-4553-a0dc-5cee8a074daa,MDR,27026800,486482,486482
6346367c-67e8-477b-a3b1-d19b51cddcec,e63b58e1-275b-4b2b-a9ad-1863810bdbea,MDR,29716600,534899,534899
2ce959d0-4337-4f55-944c-82a88878de18,37df8f43-eaaa-4598-9161-afbb44d0831c,MDR,27826900,500884,500884
82e044b6-816f-41e7-9089-330014f04522,9a0c6071-6d3c-4e93-a6c9-8c0e3bcd6c67,MDR,19754000,355572,355572
0dd1ca3c-6160-4bdb-abcb-1cf23c4618a8,ef34f134-fbd7-4319-8184-371479f760c4,MDR,23477500,422595,422595
bc6faeb1-a9ad-466e-aa2c-8d34609dde45,ead7a71a-f5c3-46a9-bd6f-0a016271cd39,MDR,27687900,498382,498382
85870029-834c-4119-af22-25bf512c2c03,24bc8581-d883-4e3c-967a-c96dbe9fe137,MDR,29296600,527339,527339
54c63f1a-1458-4acc-9a69-f5c84e538ea2,a31f5904-53d0-450a-aee2-daa5e209aca0,MDR,29203400,525661,525661
e4fb49ca-4309-42c6-8597-4e6e72505e1e,884da835-2a64-4256-8bbe-72ed65b67083,MDR,26566700,478201,478201
2d238cf0-9864-40e1-b65f-390dcba12ece,46f28627-f80f-4c70-abc3-215e397af979,MDR,27641600,497549,497549
396d9b44-0e00-4953-b4d6-717f781f7ff5,ace9531b-af73-4c4a-99f4-bdc938f00072,MDR,28346500,510237,510237
a00ea65f-6b28-4395-95a5-ac57553b834a,475cfcd2-310b-4e72-b909-34d711d8ae88,MDR,27838900,501100,501100
1fe04e43-1bd2-4ec1-a669-4febfcf02f80,3f25f2e2-40e6-4824-85a8-69ccb1f982de,MDR,30076100,541370,541370
2cc6a168-d554-4cbe-8d01-831366530930,bfdd6a06-f3ec-4a3e-a153-4e7aa6815d2a,MDR,18699900,336598,336598
e0e77b8e-92a4-41f0-9c78-dad2bd82d039,f5bf07f7-5fde-43a8-afb4-716382c27d42,MDR,26218500,471933,471933
94f91491-c789-48f0-9a1f-62f2cade7a2c,af11c773-cae2-4efe-adab-9711ebdc22d7,MDR,25211300,453803,453803
a69ac8f5-ef7b-4368-b3bb-c38d05820e3c,5fc0618c-d732-4b5b-9c5a-4a2ebe07254a,MDR,25042300,450761,450761
7e1995c8-12d2-48e1-8825-5ba0005fe95e,646d1d29-23b1-4a00-b8f1-0971051edb50,MDR,26379500,474831,474831
fd4336f2-018d-483a-a160-48908b66ce33,329995ae-1535-4189-9ae1-eb4987eb403b,MDR,29437800,529880,529880
51de1df0-4952-42cd-bb64-3fdd61a462eb,c5dfca11-da4d-4836-a4bf-19ba8a3ae74a,MDR,20907700,376339,376339
65d03887-d086-435a-8462-233dbb0585f0,c2e4ec64-3add-49d2-a4f5-11cbc7657d7b,MDR,25596700,460741,460741
0195c7d2-c15c-4219-b951-f6a68034313d,be480bee-bb71-4a14-9a34-d953a29eb896,MDR,29615100,533072,533072
ff6cdfb9-128a-42d1-884f-ab475e96c94c,3d4650b8-3c7f-47f7-a0f7-26389045d937,MDR,26584700,478525,478525
14badc7d-721f-43e6-b2fb-430433393cbb,b1de5329-27c9-4f92-836a-9de4bf24470d,MDR,30412700,547429,547429
23c90c4c-8d7d-49f1-8c34-46cb27c675ce,a0582c38-8149-4bdc-8a63-a80b5040b0b3,MDR,20097300,361751,361751
ab949745-e47d-4efe-be2d-b5cf843b82b0,013571b8-60dd-40eb-af43-7ff24499474f,MDR,27480700,494653,494653
6cb0fa88-7baa-4f9c-a9cc-a44f8c428bdd,8584d7f9-9653-4671-9b04-ddad53300757,MDR,27056500,487017,487017
d0e05612-5eb6-43b0-bb84-295c065f98f0,b2a1957e-e124-40cc-850d-b4600b1142cf,MDR,27041500,486747,486747
b5e98e41-ccfe-4318-aeb5-e6ddf71f5a07,e75a6d03-7df6-43aa-9738-a6246de4f341,MDR,27962600,503327,503327
30cc21eb-5195-4216-a7d0-9bb018434b91,26833458-efa4-4448-9eee-df00116d3edb,MDR,22355000,402390,402390
5cacd706-3d79-44fc-a39a-3a5b0bb37553,b276408f-0415-444f-b4bc-24bda539ffc3,MDR,17879800,321836,321836
9ac20d88-1705-41fa-8e0f-e648dbc12071,552d7e78-c3c5-452f-a0f9-6e21dce783f3,MDR,29783300,536099,536099
0ed59383-70dd-4550-b052-b84c6fee2371,c01ba076-5be9-4872-9b68-b7caf43ae995,MDR,26338000,474084,474084
5ddf519d-7d2a-43dd-a0d6-973a02eb6c0e,fa167822-3392-4518-8c53-6b13d4241338,MDR,27839200,501106,501106
9910e9a3-e1fe-4e33-8b55-2b3042994d95,6606245e-c8b3-4f7b-9f04-6bf66fc0fac1,MDR,21458600,386255,386255
82efc7c5-df59-4e82-b5a6-2fa78b150a32,867ffde2-e0cc-4674-bce7-b2857ee744eb,MDR,33368000,600624,600624
5b0ce93d-8dba-4d84-816b-b0cf5236e194,f9b06b9e-7c78-4895-b314-71d81cd44db1,MDR,21600900,388816,388816
e46ada6a-c51d-47e0-96b0-610520fd6c0d,4fc0cccd-9d86-407f-af0c-92116fe9a98d,MDR,23670300,426065,426065
f38ad908-413c-4c40-9795-b0f17b9a4ff8,dfecdfac-3bba-4305-856d-ac24bd29fd11,MDR,23933100,430796,430796
274a79be-f6f4-4b49-8a5e-17e53e09ca87,5adbcd05-149d-4e3c-bb88-bc17211db525,MDR,27486200,494752,494752
70025930-4fd1-4a28-8032-8f8f1bb0be37,319a46f4-ccba-4349-baf2-0489f9ecc017,MDR,27154900,488788,488788
885f4918-25aa-4979-96fa-d36dd69a1cf5,c64ea33f-a162-4484-a6d3-057dbbbbc1ca,MDR,26930300,484745,484745
8e5eb0f4-3bc7-4cf0-90cd-51a4b0ee0425,02baa8e8-f789-4b6a-a886-9b3fc9eb7a45,MDR,27832900,500992,500992
7ce0b580-d9d1-446e-9968-3aa91bc60536,d7bdd9f2-f566-4adb-b12c-55063a32f8e5,MDR,27600000,496800,496800
ac5d713e-9959-471b-9ebe-d16f8664b0a6,d1884fc9-5ce7-4d0c-9e98-842c425d58e3,MDR,26044500,468801,468801
71cb31bd-bcad-448c-8d9a-025f090219f9,9c978165-87bb-4a9d-b3d2-f62e11582059,MDR,22082900,397492,397492
7d8ceee0-8244-4291-91ed-b3003a63903a,bb0e8a80-eeeb-4bd7-b672-b67c2e1e49d9,MDR,24893100,448076,448076
69b0fb74-258a-4d80-8353-39110e17b3e8,be2db7bc-6f2e-49c3-92ff-dab08a3c1313,MDR,19675800,354164,354164
08e943b2-7c2d-4149-a54c-b7e543e8beae,2b035470-5fac-45a7-a38b-a3e88b5c1ae1,MDR,24379900,438838,438838
6a75aa4d-2873-4e71-a44a-b6df33910c3d,f3737324-1e64-4b06-aa40-2a629ed366ca,MDR,24570700,442273,442273
e0bf170f-f142-4d8c-9c25-5190253a40ca,8f55a018-7fd2-4b97-aa98-ae1a6d3f3232,MDR,25972900,467512,467512
537e190b-6a85-4f7f-a58b-1600d6726aea,1cbb74d8-07af-4e2c-89b1-a96e40a1ab51,MDR,16644400,299599,299599
8fb9bdcd-82ae-45b8-9725-ad04f748e2b6,1900114e-6045-4e15-9a1a-7306683e3489,MDR,26137000,470466,470466
3d3e5ae5-afa6-4b30-bb65-94e58d3d15bc,c2a571fa-f67d-4629-99d0-73d501747a5a,MDR,29511100,531200,531200
550791c4-cff8-4cce-8a23-cfd982a1b67e,d58caf7f-f5a1-4448-a881-cc51665dcbb7,MDR,23193300,417479,417479
5364411e-c402-4a59-8e80-347be6043917,c9b0183f-750b-4a56-98fd-67cc85978baa,MDR,25337000,456066,456066
